Company,Valuation ($B),Date Joined,Country,City,Industry,Select Investors,Founded Year,Total Raised ($B),Financial Stage,Investors Count
Grid Group94,1.58,2026-12-04,United States,Los Angeles,Data management & analytics,"DST Global, Kleiner Perkins Caufield & Byers, Y Combinator, Bessemer Venture Partners",2016,0.305,Series E,5
Meta Labs,2.55,2026-11-26,Germany,Munich,Fintech,Y Combinator,2022,0.528,Series D,12
Link Group,2.32,2026-10-14,Israel,Tel Aviv,Health,"New Enterprise Associates, DST Global, Alibaba Group, Founders Fund",2015,0.94,Series C,16
Aeroify68,4.26,2026-10-14,United States,New York,Fintech,"DST Global, Thrive Capital",2022,1.938,Series C,2
Finly38,7.38,2026-09-26,United States,Los Angeles,Other,"SoftBank Group, Sequoia Capital",2020,1.242,Series F,11
AutoBlock87,1.29,2026-09-26,United States,Austin,Data management & analytics,Accel,2022,0.317,Pre-IPO,7
Novaly42,1.13,2026-09-06,China,Shenzhen,Artificial intelligence,"Google Ventures, Bessemer Venture Partners, Kleiner Perkins Caufield & Byers",2019,0.318,Series E,16
CloudMind16,15.72,2026-08-25,Singapore,Singapore,Internet software & services,"Lightspeed Venture Partners, Accel",2017,6.707,Series B,11
NovaMind61,2.2,2026-08-14,Canada,Toronto,Fintech,"Alibaba Group, Bessemer Venture Partners, Accel, Greylock Partners",2017,0.302,Series E,14
BioPulse,2.29,2026-07-31,United States,Palo Alto,Internet software & services,"Insight Partners, Greylock Partners, DST Global, Kleiner Perkins Caufield & Byers",2018,0.981,Series E,9
Autoly81,1.78,2026-07-30,United States,Seattle,Edtech,"Founders Fund, Insight Partners",2022,0.244,Series D,15
Wave Hub48,27.84,2026-07-24,United States,Palo Alto,"Supply chain, logistics, & delivery",Thrive Capital,2023,9.763,Series C,8
Nova Hub66,1.21,2026-07-20,United States,Seattle,Health,"Tencent Holdings, Alibaba Group, New Enterprise Associates",2014,0.196,Series F,8
NovaLink46,1.35,2026-07-04,South Korea,Seoul,Travel,Founders Fund,2017,0.197,Series E,8
Novaify13,1.95,2026-06-29,United States,San Francisco,Consumer & retail,Kleiner Perkins Caufield & Byers,2018,0.658,Series D,5
PayCore,7.86,2026-06-24,United States,Boston,Internet software & services,Benchmark,2022,1.072,Series F,12
NovaLink,2.62,2026-06-18,United States,Los Angeles,Cybersecurity,"Lightspeed Venture Partners, Thrive Capital, Benchmark, SoftBank Group",2023,0.293,Private Equity,7
Meta Hub31,2.41,2026-06-12,France,Paris,Fintech,"Google Ventures, Sequoia Capital, Alibaba Group, General Atlantic",2018,1.073,Series D,16
Shift Dynamics74,2.33,2026-05-21,United States,Seattle,Internet software & services,"Index Ventures, Accel, Sequoia Capital, Lightspeed Venture Partners",2017,0.938,Series D,8
OmniFlow90,17.43,2026-05-20,United States,New York,Fintech,DST Global,2014,7.812,Series B,1
Fin Dynamics99,1.96,2026-05-19,United States,San Francisco,Cybersecurity,"New Enterprise Associates, Coatue Management, Khosla Ventures",2023,0.268,Series C,14
NexWave74,7.2,2026-05-18,United States,Chicago,Consumer & retail,"Khosla Ventures, Google Ventures, Coatue Management, New Enterprise Associates",2017,3.048,Pre-IPO,11
Flowio25,2.91,2026-05-18,United States,New York,Fintech,"Tiger Global Management, Alibaba Group",2015,1.206,Series D,17
Link Hub24,1.67,2026-05-18,Singapore,Singapore,Internet software & services,"Accel, Bessemer Venture Partners",2017,0.719,Series E,12
Fin AI3,7.6,2026-05-15,India,Gurugram,Data management & analytics,"Benchmark, Bessemer Venture Partners, Coatue Management",2018,1.055,Series C,10
Novaly51,2.06,2026-05-15,Brazil,Sao Paulo,Auto & transportation,"Coatue Management, General Atlantic, Accel",2015,0.988,Series D,18
Grid Hub,6.68,2026-05-13,United States,New York,Other,"Benchmark, Tiger Global Management, SoftBank Group, Tencent Holdings",2023,1.949,Series C,13
Auto Base,2.35,2026-05-07,United States,Austin,Hardware,"Benchmark, Greylock Partners, Google Ventures, General Atlantic",2023,0.487,Pre-IPO,11
Grid Group51,54.5,2026-05-02,South Korea,Seoul,"Supply chain, logistics, & delivery",New Enterprise Associates,2017,9.556,Series E,4
Cyber Networks90,2.25,2026-04-25,United States,Austin,Edtech,"Google Ventures, Greylock Partners, New Enterprise Associates, Insight Partners",2021,0.652,Series C,10
Pay Solutions73,2.92,2026-04-15,United States,San Francisco,Internet software & services,"Greylock Partners, Khosla Ventures",2023,0.384,Series E,5
Vertex Group74,2.01,2026-04-14,United States,Los Angeles,Internet software & services,"SoftBank Group, Tiger Global Management",2016,0.975,Private Equity,11
OmniZenith16,2.47,2026-04-13,China,Beijing,Data management & analytics,"Accel, Y Combinator, Andreessen Horowitz",2021,0.563,Series C,7
Cyberly74,9.53,2026-04-12,United States,Seattle,Fintech,"Tiger Global Management, Lightspeed Venture Partners, Bessemer Venture Partners, SoftBank Group",2018,2.208,Series E,16
PaySpace,80.64,2026-04-06,United States,San Francisco,Health,"Accel, General Atlantic",2021,9.004,Series C,10
Flow Labs98,6.22,2026-04-05,Canada,Toronto,Other,Andreessen Horowitz,2019,2.687,Pre-IPO,4
Cyber Networks,1.71,2026-04-02,United States,Seattle,Health,"Thrive Capital, Google Ventures",2022,0.507,Series D,5
Vertex Base45,2.94,2026-03-24,United States,Los Angeles,Fintech,"Benchmark, Thrive Capital",2021,0.909,Series D,11
Mind Hub,1.25,2026-03-20,Brazil,Curitiba,Hardware,"SoftBank Group, Khosla Ventures, Benchmark",2017,0.372,Series F,5
Meta Solutions63,4.91,2026-03-15,United States,Seattle,Artificial intelligence,"Index Ventures, DST Global, Sequoia Capital, Khosla Ventures",2023,0.493,Series E,17
SmartZenith,1.9,2026-03-14,India,Mumbai,Fintech,"New Enterprise Associates, Insight Partners",2022,0.91,Pre-IPO,12
Block Networks27,2.32,2026-03-09,United States,San Francisco,Fintech,SoftBank Group,2018,1.139,Series D,9
Spaceio36,2.43,2026-03-05,Indonesia,Jakarta,Internet software & services,"Greylock Partners, General Atlantic",2021,0.401,Series C,17
CloudShift,1.9,2026-02-28,United States,San Francisco,Auto & transportation,"Sequoia Capital, DST Global, Tencent Holdings",2020,0.81,Series D,18
Nex Group,2.39,2026-02-25,Germany,Berlin,Fintech,"Khosla Ventures, New Enterprise Associates",2022,0.774,Series D,14
Coreio38,5.73,2026-02-25,United States,Austin,Artificial intelligence,"DST Global, Accel, Bessemer Venture Partners",2020,1.22,Series C,5
Cyber AI54,2.76,2026-02-18,South Korea,Seoul,Internet software & services,"Benchmark, Alibaba Group",2018,0.851,Series C,4
PayMind60,5.6,2026-02-13,United States,Palo Alto,Fintech,"Tencent Holdings, Greylock Partners, Andreessen Horowitz, Lightspeed Venture Partners",2021,2.569,Private Equity,7
PayZenith,14.32,2026-02-12,India,Gurugram,Artificial intelligence,"SoftBank Group, Alibaba Group",2023,5.887,Series C,4
FinWave64,2.95,2026-02-09,India,Bengaluru,Auto & transportation,"Index Ventures, General Atlantic",2023,0.646,Series F,14
HealthFlow52,2.12,2026-02-06,China,Shenzhen,Edtech,"Tiger Global Management, Google Ventures, Kleiner Perkins Caufield & Byers",2016,0.86,Series C,11
BioWave3,1.52,2026-02-05,United States,Seattle,Fintech,"Bessemer Venture Partners, Khosla Ventures, SoftBank Group, Accel",2016,0.519,Series E,18
NexCore54,3.0,2026-02-03,United States,Palo Alto,Other,"Accel, Kleiner Perkins Caufield & Byers, Y Combinator, Google Ventures",2014,1.366,Series D,16
Cyberio,1.52,2026-01-22,Australia,Melbourne,Other,"SoftBank Group, DST Global, Andreessen Horowitz, Benchmark",2018,0.753,Pre-IPO,19
OmniGrid,1.07,2026-01-14,United States,Seattle,Auto & transportation,"Alibaba Group, Google Ventures, Tiger Global Management",2017,0.468,Pre-IPO,5
Bio AI28,3.15,2026-01-01,China,Shenzhen,Fintech,"SoftBank Group, Andreessen Horowitz",2016,0.763,Series D,6
NexMind,6.06,2025-12-31,China,Shanghai,E-commerce & direct-to-consumer,Alibaba Group,2013,0.761,Series D,8
BioWave,2.62,2025-12-30,United Kingdom,Cambridge,Health,"Benchmark, Lightspeed Venture Partners",2016,0.648,Series D,17
PayShift,1.87,2025-12-19,China,Hangzhou,Internet software & services,"DST Global, Tiger Global Management, Alibaba Group",2018,0.893,Series D,18
Fin Labs82,8.04,2025-12-07,India,Gurugram,Health,"Tencent Holdings, Sequoia Capital, Alibaba Group, Kleiner Perkins Caufield & Byers",2020,3.76,Series D,13
Vertex AI,1.56,2025-11-29,United States,Austin,E-commerce & direct-to-consumer,"SoftBank Group, Y Combinator, Insight Partners",2013,0.778,Series C,8
Nex Networks99,2.71,2025-11-26,India,Bengaluru,Internet software & services,Sequoia Capital,2015,1.287,Series C,13
MetaCore,1.73,2025-11-24,United States,Boston,Health,Index Ventures,2017,0.69,Series D,6
Mind Base30,1.86,2025-11-21,United States,Austin,E-commerce & direct-to-consumer,"Kleiner Perkins Caufield & Byers, Thrive Capital, Alibaba Group, Sequoia Capital",2015,0.294,Series D,4
Cyber Hub,1.88,2025-11-18,India,Pune,Cybersecurity,"Alibaba Group, Index Ventures",2016,0.495,Series C,12
SmartLink,1.23,2025-11-17,United States,Boston,Data management & analytics,"Kleiner Perkins Caufield & Byers, Google Ventures, New Enterprise Associates, SoftBank Group",2018,0.504,Series D,18
Grid Systems46,1.16,2025-11-12,United States,San Francisco,Artificial intelligence,Thrive Capital,2015,0.199,Series E,6
CyberCore51,2.93,2025-11-11,China,Beijing,Artificial intelligence,SoftBank Group,2020,0.793,Series C,1
OmniFlow31,4.11,2025-11-11,United States,Seattle,Data management & analytics,Khosla Ventures,2019,1.905,Series C,14
CloudWave6,16.42,2025-11-11,China,Guangzhou,Fintech,Google Ventures,2017,6.763,Series E,1
Data Labs99,6.51,2025-11-11,India,Mumbai,Health,"Founders Fund, Thrive Capital",2014,1.363,Series E,14
Forge Dynamics,6.73,2025-11-10,United States,Seattle,Artificial intelligence,"Sequoia Capital, Alibaba Group, Founders Fund, Thrive Capital",2021,3.311,Series D,13
HealthShift58,5.05,2025-11-09,United States,Austin,Artificial intelligence,"Greylock Partners, Google Ventures, Tiger Global Management, DST Global",2022,1.497,Series E,14
AeroStream,1.49,2025-11-09,United States,San Francisco,Fintech,"Khosla Ventures, Bessemer Venture Partners, Tencent Holdings, Alibaba Group",2021,0.297,Private Equity,19
Aero Systems40,2.93,2025-10-31,United States,Chicago,Internet software & services,"Sequoia Capital, Google Ventures",2015,0.83,Series D,7
Grid Base,2.97,2025-10-31,Israel,Tel Aviv,Fintech,"New Enterprise Associates, Greylock Partners, Thrive Capital",2017,0.379,Series D,13
Flow Group41,2.98,2025-10-31,India,Bengaluru,Artificial intelligence,"Khosla Ventures, Y Combinator, DST Global",2019,0.888,Series D,15
Cyber AI92,1.39,2025-10-30,United States,Chicago,Hardware,"New Enterprise Associates, Greylock Partners, Alibaba Group, Coatue Management",2018,0.258,Series C,8
NexCore20,2.49,2025-10-28,India,Mumbai,Fintech,"Thrive Capital, Google Ventures",2018,0.65,Series F,4
Cyber Dynamics78,1.56,2025-10-27,United States,Palo Alto,Artificial intelligence,"Greylock Partners, Andreessen Horowitz",2022,0.55,Series D,12
Mind Technologies,14.96,2025-10-23,Brazil,Curitiba,E-commerce & direct-to-consumer,Index Ventures,2022,6.117,Series F,10
OmniForge69,12.23,2025-10-23,China,Shanghai,Fintech,"New Enterprise Associates, Google Ventures, Thrive Capital, Tiger Global Management",2020,1.257,Series F,12
Omni Hub33,1.11,2025-10-20,United States,San Francisco,Artificial intelligence,"Bessemer Venture Partners, Coatue Management, Benchmark, DST Global",2020,0.321,Series E,7
Stream AI3,4.31,2025-10-17,United States,San Francisco,E-commerce & direct-to-consumer,"Thrive Capital, Kleiner Perkins Caufield & Byers, Benchmark, Alibaba Group",2018,0.635,Series D,6
Forge Solutions91,2.55,2025-10-08,United States,Boston,Auto & transportation,Bessemer Venture Partners,2020,0.842,Series E,16
Fin Solutions81,1.95,2025-09-19,United States,Palo Alto,Internet software & services,"Bessemer Venture Partners, Khosla Ventures, Accel, DST Global",2018,0.766,Series E,5
Aero Solutions,1.56,2025-09-18,Australia,Melbourne,E-commerce & direct-to-consumer,"New Enterprise Associates, Sequoia Capital, SoftBank Group",2016,0.24,Pre-IPO,11
Cyber Dynamics36,2.12,2025-09-16,Germany,Berlin,Fintech,Accel,2020,0.259,Series C,12
CyberMind83,2.15,2025-09-16,United States,Chicago,Artificial intelligence,Benchmark,2021,0.513,Series C,6
Auto Systems,1.25,2025-09-07,China,Hangzhou,Internet software & services,Sequoia Capital,2013,0.267,Series E,16
Pay Networks,2.85,2025-09-03,China,Guangzhou,Fintech,"Thrive Capital, Founders Fund",2022,0.546,Private Equity,3
PayWave29,2.79,2025-09-02,United States,Seattle,Internet software & services,"Google Ventures, Accel, Khosla Ventures",2017,1.159,Series C,13
Omni Networks41,1.18,2025-09-01,Japan,Tokyo,Fintech,"Alibaba Group, General Atlantic, SoftBank Group, Tencent Holdings",2021,0.206,Series C,18
FinPulse44,1.69,2025-08-23,Sweden,Stockholm,Fintech,"DST Global, Index Ventures",2018,0.225,Series D,16
Omni Group,2.04,2025-08-20,Indonesia,Jakarta,Fintech,Index Ventures,2017,0.9,Series E,8
Aeroify,2.04,2025-08-20,United States,Boston,Travel,"Alibaba Group, SoftBank Group",2019,0.228,Series F,6
DataLink,1.98,2025-08-16,United States,Chicago,Cybersecurity,"Bessemer Venture Partners, Google Ventures, Y Combinator, SoftBank Group",2017,0.477,Series D,18
Omni Technologies32,2.43,2025-08-05,Sweden,Stockholm,Fintech,Bessemer Venture Partners,2018,0.78,Series E,3
Mind AI14,2.56,2025-08-03,Germany,Berlin,Fintech,"Andreessen Horowitz, Google Ventures, Index Ventures, Coatue Management",2016,0.416,Series D,15
Novaio67,1.42,2025-08-02,China,Shanghai,Artificial intelligence,"Benchmark, SoftBank Group, New Enterprise Associates, Andreessen Horowitz",2017,0.591,Series D,6
NexVertex32,2.3,2025-07-28,United States,San Francisco,Fintech,"Google Ventures, Thrive Capital, DST Global",2018,0.326,Series D,10
Wave Solutions50,2.21,2025-07-27,United Kingdom,London,Artificial intelligence,"Tencent Holdings, Thrive Capital, Benchmark, Tiger Global Management",2017,1.052,Series D,10
Wave Dynamics39,16.36,2025-07-23,United States,Palo Alto,"Supply chain, logistics, & delivery","Coatue Management, Index Ventures, Google Ventures, Tencent Holdings",2014,1.946,Series C,14
Zenith Technologies4,1.82,2025-07-22,Australia,Melbourne,Internet software & services,"Lightspeed Venture Partners, Benchmark",2015,0.512,Pre-IPO,15
DataFlow41,2.43,2025-07-22,United States,Palo Alto,Internet software & services,"Y Combinator, Founders Fund, Lightspeed Venture Partners, New Enterprise Associates",2021,0.618,Series C,10
Nova Hub,5.71,2025-07-16,United States,Palo Alto,Edtech,Tencent Holdings,2013,2.005,Series C,16
Stream Solutions,1.21,2025-07-16,China,Shenzhen,Fintech,"Benchmark, Accel, General Atlantic, Insight Partners",2014,0.143,Series B,4
Bio Base93,2.38,2025-07-13,Germany,Berlin,Fintech,General Atlantic,2017,0.358,Series D,2
MetaStream57,6.77,2025-07-08,China,Shenzhen,Health,Coatue Management,2013,0.747,Series D,5
Omni Dynamics36,4.48,2025-07-06,United States,Chicago,Data management & analytics,"Coatue Management, General Atlantic, Khosla Ventures",2015,0.937,Pre-IPO,13
NovaStream8,1.23,2025-06-28,United States,New York,Other,"Alibaba Group, Bessemer Venture Partners, Coatue Management, Sequoia Capital",2020,0.281,Series E,18
Bioio13,2.2,2025-06-24,United Kingdom,London,Health,"New Enterprise Associates, Alibaba Group",2021,0.508,Series C,12
Core Hub36,2.81,2025-06-19,United Kingdom,London,Internet software & services,"Benchmark, SoftBank Group",2022,0.433,Series C,14
Omni Systems,6.89,2025-06-10,United States,Austin,Internet software & services,"Tencent Holdings, DST Global",2022,1.176,Series D,17
Space Systems,4.87,2025-06-08,China,Hangzhou,Internet software & services,Alibaba Group,2016,1.381,Private Equity,8
OmniShift56,6.54,2025-06-05,United States,Los Angeles,Internet software & services,"General Atlantic, Thrive Capital, Coatue Management",2015,0.781,Series D,18
Forge Dynamics77,6.94,2025-06-03,United States,San Francisco,Auto & transportation,"New Enterprise Associates, Lightspeed Venture Partners, Khosla Ventures",2014,1.157,Series D,8
Linkify60,1.02,2025-06-02,United Kingdom,Cambridge,Fintech,"Thrive Capital, Alibaba Group, SoftBank Group",2022,0.221,Series D,15
TechWave,9.31,2025-05-29,United States,New York,Hardware,"Greylock Partners, General Atlantic, Y Combinator, Google Ventures",2013,1.037,Series D,9
Core Hub2,1.7,2025-05-28,United States,Boston,Fintech,"Benchmark, Greylock Partners",2019,0.46,Pre-IPO,9
Block AI97,1.35,2025-05-25,Israel,Jerusalem,"Supply chain, logistics, & delivery","Khosla Ventures, Founders Fund, Benchmark, Lightspeed Venture Partners",2016,0.354,Series D,5
Auto Labs17,4.45,2025-05-21,Japan,Tokyo,Other,"SoftBank Group, Bessemer Venture Partners, Greylock Partners",2016,1.114,Series F,14
PayBlock19,7.48,2025-05-19,China,Shenzhen,Artificial intelligence,"Coatue Management, Bessemer Venture Partners, Y Combinator, Google Ventures",2021,0.985,Series D,14
PaySpace63,1.79,2025-05-17,United States,Austin,Artificial intelligence,"Coatue Management, Kleiner Perkins Caufield & Byers, Alibaba Group, Bessemer Venture Partners",2013,0.693,Series C,16
Link Dynamics80,8.88,2025-05-09,Brazil,Curitiba,Internet software & services,"Alibaba Group, Index Ventures, Greylock Partners, Thrive Capital",2016,1.769,Private Equity,14
NexWave87,1.94,2025-05-08,United States,Los Angeles,Internet software & services,"DST Global, Index Ventures",2020,0.348,Series D,4
Wave Networks99,26.01,2025-05-03,France,Paris,Artificial intelligence,"New Enterprise Associates, Benchmark, Andreessen Horowitz",2018,6.061,Series D,16
Coreio,1.31,2025-04-30,India,New Delhi,Health,Greylock Partners,2015,0.29,Series F,7
Vertex Base15,5.57,2025-04-28,China,Shenzhen,Other,"Lightspeed Venture Partners, DST Global",2019,1.146,Pre-IPO,12
AutoStream,2.25,2025-04-25,India,Gurugram,E-commerce & direct-to-consumer,"Sequoia Capital, Benchmark, Tiger Global Management, Lightspeed Venture Partners",2013,0.701,Pre-IPO,9
Link Solutions99,1.21,2025-04-25,United States,Seattle,Artificial intelligence,"Y Combinator, Thrive Capital",2020,0.278,Series D,8
AutoForge57,12.22,2025-04-23,United States,Boston,Fintech,Founders Fund,2016,5.251,Series E,5
FinBlock33,39.97,2025-04-19,United States,New York,E-commerce & direct-to-consumer,"Lightspeed Venture Partners, Y Combinator, DST Global, Greylock Partners",2018,5.659,Series C,19
Vertex Hub,4.52,2025-04-18,China,Hangzhou,Data management & analytics,Sequoia Capital,2020,1.525,Series E,1
Cyberio83,9.18,2025-04-12,Singapore,Singapore,E-commerce & direct-to-consumer,"Founders Fund, Tiger Global Management, Insight Partners",2022,2.108,Series F,18
Bioly14,1.22,2025-04-10,China,Shanghai,E-commerce & direct-to-consumer,"Tencent Holdings, Insight Partners, Kleiner Perkins Caufield & Byers, Coatue Management",2022,0.265,Series C,8
Fin Dynamics,6.5,2025-04-06,United States,Chicago,Fintech,Google Ventures,2022,1.784,Series F,15
DataForge36,2.72,2025-03-30,China,Shenzhen,Health,"Insight Partners, Tencent Holdings, Kleiner Perkins Caufield & Byers",2019,1.251,Private Equity,15
Link Solutions74,1.32,2025-03-27,United States,Boston,Health,"Founders Fund, Benchmark, DST Global, Tencent Holdings",2018,0.224,Series D,14
DataStream34,1.16,2025-03-24,United States,San Francisco,Fintech,"Google Ventures, Bessemer Venture Partners, Coatue Management, Kleiner Perkins Caufield & Byers",2018,0.446,Series D,5
Forge Hub,1.62,2025-03-21,India,Pune,Health,"Greylock Partners, Sequoia Capital, Google Ventures, Andreessen Horowitz",2016,0.391,Series D,8
Pulse Systems,2.97,2025-03-18,United States,San Francisco,Other,"Thrive Capital, SoftBank Group, Tencent Holdings",2018,0.434,Series C,6
Payly52,1.49,2025-03-08,United States,Chicago,Hardware,"Benchmark, Y Combinator, Andreessen Horowitz, Tiger Global Management",2018,0.534,Series B,18
Smart Technologies1,23.29,2025-03-02,United States,Seattle,Artificial intelligence,"Khosla Ventures, Founders Fund",2016,7.682,Series C,17
Stream Group16,1.28,2025-02-26,South Korea,Seoul,Artificial intelligence,"Tiger Global Management, Khosla Ventures",2021,0.13,Series D,9
Tech Dynamics74,25.57,2025-02-22,Singapore,Singapore,Internet software & services,"New Enterprise Associates, Khosla Ventures, Kleiner Perkins Caufield & Byers, Lightspeed Venture Partners",2013,2.977,Private Equity,17
Aero Group50,1.23,2025-02-21,United States,Seattle,Artificial intelligence,"Khosla Ventures, Andreessen Horowitz, General Atlantic",2016,0.166,Series E,10
Linkly22,2.11,2025-02-18,China,Beijing,Artificial intelligence,"Sequoia Capital, Accel, Insight Partners, Tiger Global Management",2016,0.451,Series D,11
AutoPulse43,2.31,2025-02-08,China,Beijing,Internet software & services,"Tiger Global Management, Founders Fund, Coatue Management, Lightspeed Venture Partners",2015,0.25,Series D,8
Vertex Systems1,1.97,2025-02-06,China,Guangzhou,Edtech,"Accel, Khosla Ventures",2018,0.762,Series C,9
DataPulse,3.72,2025-02-01,United States,Chicago,Fintech,"Tencent Holdings, Google Ventures, Coatue Management",2020,0.474,Pre-IPO,3
Block Systems,2.62,2025-02-01,United Kingdom,Cambridge,Fintech,Andreessen Horowitz,2017,0.627,Series D,14
Smartify73,6.05,2025-01-31,China,Hangzhou,Data management & analytics,"Khosla Ventures, Andreessen Horowitz",2018,1.486,Series C,13
DataZenith,2.97,2025-01-31,United States,Palo Alto,Other,Founders Fund,2017,1.364,Series B,6
Spaceio,2.21,2025-01-30,India,Gurugram,Artificial intelligence,"Thrive Capital, Coatue Management",2018,0.668,Series C,10
SmartShift11,1.55,2025-01-25,United States,New York,Edtech,"Khosla Ventures, Benchmark, Greylock Partners",2014,0.288,Series B,11
Stream Technologies62,8.27,2025-01-25,Israel,Tel Aviv,Hardware,"Founders Fund, Alibaba Group",2018,2.493,Series D,15
Corely94,1.43,2025-01-22,United States,Austin,Fintech,"Sequoia Capital, Andreessen Horowitz, DST Global, Greylock Partners",2015,0.379,Series C,4
Shiftify,1.73,2025-01-22,United States,Palo Alto,E-commerce & direct-to-consumer,"Tiger Global Management, Thrive Capital, New Enterprise Associates",2016,0.304,Series C,18
AutoCore,1.62,2025-01-21,United States,San Francisco,E-commerce & direct-to-consumer,Google Ventures,2014,0.458,Pre-IPO,8
SmartBlock,2.05,2025-01-19,Canada,Vancouver,Hardware,Lightspeed Venture Partners,2016,1.012,Series D,2
Metaly88,1.32,2025-01-16,United States,New York,Hardware,"Thrive Capital, Tiger Global Management, DST Global, Index Ventures",2016,0.589,Series C,5
Flow Group43,28.74,2025-01-12,United States,Seattle,Health,Founders Fund,2020,11.616,Series F,5
PayWave19,1.58,2025-01-10,United Kingdom,Cambridge,Internet software & services,"Lightspeed Venture Partners, Accel, Founders Fund, Y Combinator",2017,0.278,Series C,9
Mind Labs,15.95,2025-01-06,Canada,Montreal,Data management & analytics,"Index Ventures, Y Combinator, Bessemer Venture Partners, Andreessen Horowitz",2013,7.72,Series D,7
NovaPulse39,2.45,2025-01-06,United States,Los Angeles,"Supply chain, logistics, & delivery","Founders Fund, Accel, Insight Partners",2020,0.322,Series B,11
Bio Base,2.09,2025-01-02,United States,Boston,Internet software & services,"General Atlantic, Google Ventures",2022,0.311,Series D,9
Core Technologies79,2.36,2024-12-29,South Korea,Seoul,E-commerce & direct-to-consumer,"Founders Fund, Alibaba Group, Sequoia Capital, General Atlantic",2014,1.049,Series F,16
OmniVertex25,1.13,2024-12-26,United States,Seattle,E-commerce & direct-to-consumer,"Tencent Holdings, Thrive Capital",2020,0.177,Series D,14
Aero AI,1.89,2024-12-21,South Korea,Seoul,Internet software & services,"SoftBank Group, Greylock Partners, Khosla Ventures",2019,0.55,Series D,10
Cyber Systems,25.35,2024-12-18,United States,Seattle,Other,"Founders Fund, SoftBank Group, Sequoia Capital",2014,10.11,Series E,8
SmartCore30,1.8,2024-12-13,United States,New York,Travel,"Greylock Partners, DST Global, Thrive Capital",2020,0.709,Series C,12
Flowly62,2.62,2024-12-11,Sweden,Stockholm,E-commerce & direct-to-consumer,General Atlantic,2019,0.881,Series E,8
Dataly63,2.82,2024-12-09,United States,Palo Alto,Data management & analytics,Y Combinator,2012,1.396,Series D,16
Auto AI20,1.78,2024-12-09,United Kingdom,Oxford,Travel,Index Ventures,2015,0.698,Series C,8
Smart Group85,2.54,2024-12-04,Australia,Melbourne,Fintech,"Khosla Ventures, Tiger Global Management",2020,0.526,Series E,14
SmartVertex,9.87,2024-12-02,Germany,Munich,Fintech,Tencent Holdings,2013,4.798,Series D,11
HealthFlow,1.24,2024-11-30,United States,San Francisco,Internet software & services,Y Combinator,2021,0.472,Series F,3
Cyber Labs,2.64,2024-11-29,United Kingdom,London,Other,"Sequoia Capital, Thrive Capital",2018,0.685,Series D,10
Pulse Solutions91,1.28,2024-11-25,United States,Los Angeles,Data management & analytics,"Index Ventures, Founders Fund",2014,0.207,Series E,3
NovaShift19,11.59,2024-11-16,United States,Los Angeles,Auto & transportation,New Enterprise Associates,2017,2.635,Series E,7
Shift Base13,1.33,2024-11-14,United States,Chicago,Data management & analytics,"Thrive Capital, Index Ventures, General Atlantic",2016,0.184,Series C,14
Omni Base,10.74,2024-11-10,United States,Palo Alto,Internet software & services,Insight Partners,2021,2.43,Series D,10
SmartVertex84,1.6,2024-11-09,Israel,Jerusalem,Internet software & services,"Thrive Capital, Bessemer Venture Partners, Tencent Holdings",2016,0.586,Series E,14
Tech Networks95,1.18,2024-11-09,United States,Palo Alto,Internet software & services,"General Atlantic, DST Global, Accel, Insight Partners",2013,0.337,Series D,4
Vertex Base9,1.01,2024-10-28,China,Hangzhou,Auto & transportation,Y Combinator,2013,0.479,Series F,12
Flow Hub,7.11,2024-10-27,France,Paris,Fintech,Kleiner Perkins Caufield & Byers,2015,2.788,Pre-IPO,7
Techio,1.34,2024-10-25,Sweden,Stockholm,E-commerce & direct-to-consumer,"Bessemer Venture Partners, General Atlantic, Tiger Global Management, Alibaba Group",2016,0.232,Series B,16
Grid Networks57,1.75,2024-10-24,United States,New York,Internet software & services,"Accel, Google Ventures, Insight Partners, Founders Fund",2016,0.459,Series D,11
FinMind45,1.44,2024-10-21,India,Gurugram,Artificial intelligence,"Y Combinator, SoftBank Group, Sequoia Capital, Kleiner Perkins Caufield & Byers",2016,0.467,Series E,13
Pay Base25,3.75,2024-10-21,Canada,Vancouver,Artificial intelligence,Coatue Management,2012,0.56,Series D,15
SmartShift,2.2,2024-10-20,Japan,Tokyo,E-commerce & direct-to-consumer,"SoftBank Group, Tencent Holdings",2018,0.244,Series D,11
HealthForge25,2.19,2024-10-18,United States,San Francisco,Fintech,"Accel, Alibaba Group, Bessemer Venture Partners",2014,0.765,Series E,17
HealthGrid,14.02,2024-10-14,United States,Chicago,E-commerce & direct-to-consumer,"Google Ventures, Founders Fund",2017,5.523,Series F,17
Aero Hub,24.35,2024-10-05,China,Guangzhou,Fintech,Y Combinator,2016,5.098,Series E,16
Omni AI40,1.26,2024-10-04,South Korea,Seoul,Internet software & services,"Khosla Ventures, SoftBank Group, Tiger Global Management, Sequoia Capital",2014,0.508,Series D,5
Gridio49,1.73,2024-09-30,United States,New York,Fintech,"Google Ventures, Lightspeed Venture Partners, Kleiner Perkins Caufield & Byers",2015,0.417,Series D,14
DataPulse32,2.36,2024-09-29,United States,Palo Alto,Artificial intelligence,"Index Ventures, Andreessen Horowitz",2015,0.902,Series C,7
Space AI,1.1,2024-09-29,India,New Delhi,E-commerce & direct-to-consumer,"Khosla Ventures, DST Global, SoftBank Group",2019,0.112,Series E,8
Cyberly79,1.33,2024-09-24,South Korea,Seoul,Artificial intelligence,"Tiger Global Management, Andreessen Horowitz, Tencent Holdings",2013,0.562,Series E,16
Smart Solutions79,3.37,2024-09-23,United States,Chicago,E-commerce & direct-to-consumer,"Khosla Ventures, Sequoia Capital, Bessemer Venture Partners, Andreessen Horowitz",2013,0.833,Series D,6
HealthMind,2.29,2024-09-20,United States,Seattle,E-commerce & direct-to-consumer,"Tiger Global Management, Sequoia Capital",2018,0.994,Series C,12
HealthWave44,1.12,2024-09-18,United States,Palo Alto,Fintech,Y Combinator,2021,0.214,Pre-IPO,2
Health Solutions23,2.31,2024-09-16,Brazil,Sao Paulo,Health,"Insight Partners, Benchmark, Lightspeed Venture Partners, Tiger Global Management",2017,0.832,Pre-IPO,15
Auto Group29,2.33,2024-09-13,China,Shenzhen,Fintech,"Kleiner Perkins Caufield & Byers, Tencent Holdings",2013,0.939,Series E,11
Grid Networks,4.49,2024-09-05,China,Beijing,Internet software & services,"New Enterprise Associates, DST Global, Coatue Management",2019,1.106,Series F,10
NexBlock,12.43,2024-09-05,Canada,Vancouver,Internet software & services,Sequoia Capital,2018,1.481,Series C,1
AutoShift,7.02,2024-09-04,United Kingdom,Cambridge,Hardware,"Khosla Ventures, Tencent Holdings, Founders Fund, Kleiner Perkins Caufield & Byers",2012,1.253,Series D,5
Pay Group80,2.41,2024-09-03,India,Pune,E-commerce & direct-to-consumer,Sequoia Capital,2016,0.473,Series E,4
Mind Labs89,19.79,2024-08-30,China,Hangzhou,Cybersecurity,"Tencent Holdings, Kleiner Perkins Caufield & Byers",2019,5.816,Series F,16
Flowify51,1.34,2024-08-30,United Kingdom,Cambridge,Artificial intelligence,"Khosla Ventures, Google Ventures, Thrive Capital, Bessemer Venture Partners",2014,0.296,Series F,15
Health Hub24,1.02,2024-08-24,Australia,Melbourne,Auto & transportation,"Insight Partners, Tiger Global Management, Kleiner Perkins Caufield & Byers, Tencent Holdings",2015,0.153,Series D,19
AeroSpace,121.36,2024-08-23,United States,Los Angeles,Cybersecurity,"Founders Fund, Bessemer Venture Partners, Greylock Partners, Alibaba Group",2016,60.653,Series B,11
Fin Hub12,25.86,2024-08-19,United States,Boston,Health,"Insight Partners, Index Ventures, New Enterprise Associates, Tiger Global Management",2018,11.913,Series C,6
Shift Labs64,3.0,2024-08-17,United States,New York,Internet software & services,"Sequoia Capital, Bessemer Venture Partners, Insight Partners, Khosla Ventures",2015,1.143,Series C,15
Core Technologies41,2.94,2024-08-16,China,Guangzhou,Internet software & services,"Lightspeed Venture Partners, Thrive Capital, Y Combinator",2019,0.739,Series F,12
CloudVertex84,17.66,2024-08-15,Canada,Montreal,E-commerce & direct-to-consumer,"New Enterprise Associates, DST Global, Lightspeed Venture Partners, Google Ventures",2020,5.87,Series E,17
HealthSpace,2.65,2024-08-15,Germany,Munich,Fintech,"Alibaba Group, Tencent Holdings",2017,1.042,Series E,5
Wave Hub38,10.03,2024-08-10,India,Bengaluru,Internet software & services,"Coatue Management, SoftBank Group, Insight Partners, Bessemer Venture Partners",2015,2.664,Series B,14
Omni Labs93,1.95,2024-08-08,China,Hangzhou,Hardware,Accel,2012,0.74,Series C,3
CloudLink,9.26,2024-08-07,United States,New York,E-commerce & direct-to-consumer,"Kleiner Perkins Caufield & Byers, Sequoia Capital",2021,4.107,Series E,2
Bio Base88,1.17,2024-08-05,Singapore,Singapore,Internet software & services,"Google Ventures, Thrive Capital, Sequoia Capital, DST Global",2019,0.367,Private Equity,8
CloudMind,2.12,2024-07-28,United States,Seattle,Health,"SoftBank Group, Kleiner Perkins Caufield & Byers, General Atlantic",2013,0.902,Series C,11
Nova Hub15,10.09,2024-07-28,United States,Palo Alto,Fintech,"Accel, Google Ventures, Lightspeed Venture Partners",2016,4.712,Series D,15
Block Networks52,3.55,2024-07-23,United States,Los Angeles,Travel,"Tiger Global Management, DST Global, Benchmark, Founders Fund",2020,1.748,Pre-IPO,4
Nex Labs14,1.9,2024-07-17,Brazil,Sao Paulo,Fintech,"Google Ventures, Lightspeed Venture Partners, Andreessen Horowitz",2020,0.845,Series E,15
Link Labs4,2.12,2024-07-15,China,Shenzhen,Internet software & services,"Thrive Capital, Insight Partners",2012,0.553,Series C,16
Wave AI76,2.38,2024-07-14,China,Hangzhou,Internet software & services,"Benchmark, Founders Fund, Google Ventures, Tencent Holdings",2019,0.94,Series D,16
CloudStream91,1.03,2024-07-13,Singapore,Singapore,Fintech,"Alibaba Group, New Enterprise Associates",2013,0.382,Series D,16
Dataly34,7.65,2024-07-12,United States,Los Angeles,Health,"Kleiner Perkins Caufield & Byers, Lightspeed Venture Partners, Tencent Holdings, SoftBank Group",2021,1.261,Series C,9
Shift Technologies,1.74,2024-07-09,United States,Los Angeles,Cybersecurity,Y Combinator,2019,0.543,Series C,13
Stream Dynamics78,1.8,2024-07-07,Brazil,Sao Paulo,Data management & analytics,"Google Ventures, Tiger Global Management",2021,0.794,Series C,7
AutoStream55,1.34,2024-07-05,China,Shenzhen,Other,"Thrive Capital, Alibaba Group, General Atlantic",2017,0.363,Series D,9
Forgely59,1.58,2024-07-05,United States,New York,"Supply chain, logistics, & delivery","DST Global, Index Ventures",2015,0.539,Series F,4
Auto Labs60,2.78,2024-07-03,Canada,Montreal,E-commerce & direct-to-consumer,"Tiger Global Management, Benchmark, Google Ventures",2018,1.158,Series B,11
Tech Labs,2.84,2024-07-01,China,Shanghai,Health,New Enterprise Associates,2015,0.539,Series C,8
Aero Group,2.1,2024-06-26,Germany,Berlin,Edtech,"Insight Partners, Alibaba Group, Greylock Partners",2013,0.33,Series E,8
PayWave48,7.63,2024-06-25,Germany,Munich,Cybersecurity,SoftBank Group,2019,3.457,Series F,5
CyberVertex49,2.64,2024-06-22,United States,San Francisco,Artificial intelligence,"General Atlantic, Insight Partners, Tencent Holdings",2017,0.291,Series D,16
Dataly44,9.56,2024-06-21,United Kingdom,Oxford,Artificial intelligence,Y Combinator,2016,1.443,Private Equity,11
Grid Dynamics61,2.21,2024-06-19,United States,Boston,Internet software & services,"Sequoia Capital, General Atlantic, Alibaba Group, Tencent Holdings",2018,0.968,Series E,15
Mind Dynamics8,1.77,2024-06-17,United States,Los Angeles,Other,"General Atlantic, Andreessen Horowitz, Khosla Ventures, Lightspeed Venture Partners",2014,0.532,Series D,8
Core Technologies,6.14,2024-05-31,United States,San Francisco,Fintech,Index Ventures,2018,1.607,Series C,8
CyberShift,7.87,2024-05-30,United States,Los Angeles,Fintech,New Enterprise Associates,2018,3.675,Series B,4
SmartForge,23.66,2024-05-26,United States,San Francisco,Cybersecurity,New Enterprise Associates,2016,11.415,Series D,14
Forgeio69,8.06,2024-05-25,United States,Los Angeles,Health,"Founders Fund, Google Ventures",2019,3.929,Series F,7
Grid Group47,2.7,2024-05-19,China,Hangzhou,Fintech,"Greylock Partners, Andreessen Horowitz, Coatue Management, SoftBank Group",2017,1.18,Series E,12
AutoPulse95,5.72,2024-05-16,Canada,Toronto,Auto & transportation,Sequoia Capital,2019,0.928,Series D,1
Mindly26,9.65,2024-05-14,China,Shenzhen,Edtech,"Greylock Partners, Coatue Management, Khosla Ventures, Google Ventures",2021,4.592,Series D,11
Omni Base49,7.61,2024-05-14,United States,Seattle,"Supply chain, logistics, & delivery",Tencent Holdings,2021,2.704,Series C,4
TechForge,1.22,2024-05-12,China,Hangzhou,Health,"Sequoia Capital, Founders Fund, Insight Partners, New Enterprise Associates",2018,0.221,Series C,12
Stream Systems,1.85,2024-05-11,China,Guangzhou,Artificial intelligence,"Greylock Partners, General Atlantic, Insight Partners, Kleiner Perkins Caufield & Byers",2020,0.44,Series D,7
Block Solutions,1.77,2024-05-09,China,Hangzhou,Other,"Accel, Insight Partners",2018,0.2,Series E,2
Gridly19,1.95,2024-05-09,Brazil,Curitiba,Internet software & services,Y Combinator,2015,0.264,Series C,14
Grid AI9,1.75,2024-05-06,United Kingdom,London,Artificial intelligence,"Accel, Kleiner Perkins Caufield & Byers, General Atlantic, Founders Fund",2017,0.781,Series D,7
Pulse Technologies,29.35,2024-05-06,Germany,Munich,Artificial intelligence,Google Ventures,2021,6.04,Series D,4
Metaify86,2.73,2024-05-06,United States,San Francisco,Other,Founders Fund,2019,1.1,Series D,3
Shift Solutions15,3.21,2024-05-06,United States,Palo Alto,"Supply chain, logistics, & delivery","Google Ventures, Coatue Management, Alibaba Group",2017,1.12,Private Equity,3
SmartWave,2.43,2024-05-03,China,Hangzhou,Travel,Index Ventures,2014,0.668,Series C,16
OmniZenith57,1.17,2024-05-03,United Kingdom,London,"Supply chain, logistics, & delivery","Index Ventures, Andreessen Horowitz",2017,0.222,Series B,11
NexGrid41,8.53,2024-05-01,Sweden,Stockholm,Auto & transportation,Insight Partners,2021,2.412,Series C,13
Grid Group,1.46,2024-04-28,China,Beijing,Internet software & services,"Tiger Global Management, Khosla Ventures, DST Global",2019,0.439,Series C,18
DataGrid77,2.11,2024-04-27,United States,Los Angeles,Cybersecurity,"Index Ventures, Google Ventures",2020,0.716,Series C,14
Meta Systems,2.02,2024-04-23,Singapore,Singapore,Artificial intelligence,SoftBank Group,2017,0.346,Series D,9
Nexly56,2.99,2024-04-22,China,Shanghai,Internet software & services,"Insight Partners, Thrive Capital, General Atlantic, SoftBank Group",2015,0.862,Series E,7
Core Networks,2.54,2024-04-20,United States,Chicago,Fintech,"Thrive Capital, Benchmark, Y Combinator, Sequoia Capital",2014,0.372,Pre-IPO,6
Zenith Networks,2.14,2024-04-20,United States,Austin,Hardware,"Lightspeed Venture Partners, Index Ventures",2017,0.942,Series D,14
Space Base17,2.48,2024-04-17,India,Gurugram,Fintech,"Lightspeed Venture Partners, Coatue Management, General Atlantic",2018,0.828,Series C,5
Stream Hub,1.9,2024-04-16,United Kingdom,Cambridge,Other,Benchmark,2013,0.358,Series E,2
Healthify16,1.65,2024-04-14,United States,Los Angeles,E-commerce & direct-to-consumer,"Tencent Holdings, Founders Fund, Google Ventures",2013,0.182,Series C,16
Vertex Systems27,2.94,2024-04-12,France,Paris,Fintech,Kleiner Perkins Caufield & Byers,2018,0.598,Series C,15
Omni AI,2.88,2024-04-10,United States,New York,Consumer & retail,"Accel, Google Ventures",2020,0.398,Pre-IPO,17
AeroWave,4.56,2024-04-10,China,Guangzhou,Artificial intelligence,"SoftBank Group, Lightspeed Venture Partners, Kleiner Perkins Caufield & Byers",2020,1.477,Series F,15
Mind Labs66,2.54,2024-04-08,China,Beijing,Data management & analytics,General Atlantic,2014,0.759,Private Equity,5
TechMind21,21.33,2024-04-06,Singapore,Singapore,E-commerce & direct-to-consumer,Khosla Ventures,2012,6.886,Private Equity,7
Zenith Dynamics51,1.65,2024-04-05,United States,San Francisco,Internet software & services,"Benchmark, Coatue Management, Accel",2012,0.256,Series D,18
Pay AI72,1.12,2024-04-05,United States,San Francisco,Other,"Tiger Global Management, Greylock Partners, Y Combinator, Sequoia Capital",2015,0.214,Series D,8
DataLink83,1.9,2024-04-01,United Kingdom,London,Other,Founders Fund,2018,0.655,Series E,3
BioCore36,2.46,2024-03-31,Singapore,Singapore,Fintech,Greylock Partners,2016,0.814,Series B,7
TechShift59,2.43,2024-03-30,United States,Palo Alto,Internet software & services,"Tiger Global Management, General Atlantic, Founders Fund, Khosla Ventures",2019,0.941,Series C,7
Healthio91,1.97,2024-03-26,United States,New York,Internet software & services,"Y Combinator, Insight Partners, Accel, Andreessen Horowitz",2019,0.835,Series F,10
DataCore79,1.62,2024-03-26,United Kingdom,Oxford,Health,"SoftBank Group, Sequoia Capital",2019,0.617,Series C,7
Space Solutions,1.0,2024-03-22,China,Shanghai,Fintech,"Alibaba Group, Andreessen Horowitz",2017,0.453,Series D,13
NovaMind46,2.39,2024-03-20,United States,Palo Alto,Fintech,"SoftBank Group, Founders Fund, Y Combinator",2012,0.828,Series E,4
MetaZenith,2.67,2024-03-18,United States,Los Angeles,Internet software & services,New Enterprise Associates,2021,1.335,Series F,12
Aero Networks28,2.9,2024-03-16,China,Guangzhou,Fintech,Alibaba Group,2016,0.309,Series D,10
Waveio60,1.1,2024-03-15,United States,Chicago,Cybersecurity,"Coatue Management, Sequoia Capital, Lightspeed Venture Partners",2020,0.131,Series C,15
Nex Solutions,2.15,2024-03-15,United States,Austin,Other,"SoftBank Group, Google Ventures, Sequoia Capital",2016,0.363,Pre-IPO,17
MetaStream,1.98,2024-03-14,United States,Los Angeles,Artificial intelligence,"New Enterprise Associates, Accel, Kleiner Perkins Caufield & Byers, Andreessen Horowitz",2015,0.407,Series E,16
Space AI73,3.91,2024-03-12,United Kingdom,Cambridge,Data management & analytics,Tiger Global Management,2017,1.631,Series E,5
Bio Solutions5,1.49,2024-03-12,China,Shenzhen,E-commerce & direct-to-consumer,"DST Global, Insight Partners",2021,0.5,Private Equity,14
Mindify,2.61,2024-03-07,China,Shanghai,Internet software & services,"Greylock Partners, Tiger Global Management, Thrive Capital",2016,0.912,Series E,6
Corely19,1.86,2024-03-04,United States,New York,Internet software & services,"Khosla Ventures, General Atlantic, SoftBank Group, Andreessen Horowitz",2020,0.238,Pre-IPO,12
PayBlock80,2.27,2024-03-02,South Korea,Seoul,Internet software & services,"Tiger Global Management, Google Ventures, SoftBank Group",2017,0.285,Private Equity,3
NexMind88,19.09,2024-02-29,United States,Seattle,Cybersecurity,"Khosla Ventures, Lightspeed Venture Partners, Greylock Partners",2019,3.985,Series E,5
Tech AI90,2.53,2024-02-25,China,Beijing,Artificial intelligence,DST Global,2021,0.527,Series E,13
Pay Networks60,22.18,2024-02-21,China,Shanghai,Fintech,"Y Combinator, Lightspeed Venture Partners, Benchmark",2017,4.882,Private Equity,4
OmniPulse,2.07,2024-02-19,India,New Delhi,Internet software & services,"Kleiner Perkins Caufield & Byers, Index Ventures, Accel",2013,0.357,Series C,6
Zenithly3,7.5,2024-02-18,Germany,Berlin,Health,"Thrive Capital, Sequoia Capital, Tiger Global Management",2017,1.347,Series C,11
Space Dynamics80,2.09,2024-02-18,United States,Chicago,Internet software & services,"Coatue Management, Insight Partners",2012,0.961,Series E,11
AeroLink88,1.7,2024-02-15,United States,Palo Alto,Internet software & services,"Andreessen Horowitz, Accel, New Enterprise Associates",2012,0.218,Series C,5
SmartForge29,1.81,2024-02-12,Brazil,Sao Paulo,Health,Tiger Global Management,2012,0.732,Series D,16
Pay Dynamics66,1.73,2024-02-10,China,Beijing,Artificial intelligence,"Bessemer Venture Partners, Thrive Capital",2019,0.697,Series B,6
Cloudly83,1.79,2024-02-09,India,New Delhi,Artificial intelligence,Kleiner Perkins Caufield & Byers,2021,0.833,Series D,12
TechPulse,1.89,2024-02-06,China,Shanghai,Internet software & services,"SoftBank Group, Thrive Capital, Alibaba Group",2013,0.871,Series E,14
Shift Group7,1.58,2024-02-05,United States,San Francisco,Internet software & services,"DST Global, Tiger Global Management, Tencent Holdings",2013,0.207,Series C,11
Nova AI88,2.54,2024-01-27,United States,Boston,Hardware,"Benchmark, Tencent Holdings, Founders Fund",2017,0.62,Series E,16
Cloud Technologies65,7.06,2024-01-22,United States,San Francisco,Internet software & services,"Andreessen Horowitz, Khosla Ventures",2017,3.46,Series D,2
Aero Base,1.57,2024-01-19,Singapore,Singapore,Internet software & services,"General Atlantic, Google Ventures, Coatue Management, DST Global",2012,0.539,Pre-IPO,5
Data Solutions41,2.54,2024-01-15,Germany,Munich,Auto & transportation,Google Ventures,2021,0.925,Series F,5
OmniMind91,2.76,2023-12-28,Sweden,Stockholm,Auto & transportation,"Thrive Capital, Lightspeed Venture Partners, Sequoia Capital, Index Ventures",2016,0.836,Series C,17
Autoly80,2.52,2023-12-28,United States,Palo Alto,Fintech,"Coatue Management, Thrive Capital, Insight Partners, General Atlantic",2020,0.447,Series D,8
CloudVertex58,2.76,2023-12-23,United States,Los Angeles,Fintech,"Google Ventures, Tencent Holdings, Founders Fund",2011,0.35,Series E,3
Auto Base37,1.46,2023-12-20,India,New Delhi,Fintech,"Google Ventures, Tiger Global Management, Founders Fund",2016,0.608,Series D,4
Data Base79,2.72,2023-12-12,Germany,Berlin,Internet software & services,Kleiner Perkins Caufield & Byers,2019,0.454,Series D,4
Smart Networks,1.92,2023-11-30,United Kingdom,London,Cybersecurity,"Google Ventures, Founders Fund, Insight Partners",2013,0.443,Series D,15
Linkio,1.03,2023-11-25,United States,New York,Health,"Coatue Management, General Atlantic, Bessemer Venture Partners, New Enterprise Associates",2017,0.44,Series C,11
Meta Networks,1.37,2023-11-23,United States,Austin,Edtech,"Sequoia Capital, Bessemer Venture Partners, Insight Partners, Benchmark",2011,0.372,Series D,4
Grid Solutions65,5.93,2023-11-23,Indonesia,Jakarta,Internet software & services,"Google Ventures, Founders Fund, Index Ventures",2013,2.502,Series C,7
Blockio,2.25,2023-11-20,India,Mumbai,Artificial intelligence,"Coatue Management, Tiger Global Management, Khosla Ventures, SoftBank Group",2020,0.417,Series E,6
AutoWave42,1.1,2023-11-18,China,Shenzhen,Cybersecurity,"Y Combinator, Google Ventures",2020,0.353,Series C,3
HealthZenith17,1.21,2023-11-14,Brazil,Curitiba,Data management & analytics,"Andreessen Horowitz, Tencent Holdings",2012,0.166,Series D,12
BioCore99,2.37,2023-11-09,United States,San Francisco,E-commerce & direct-to-consumer,Insight Partners,2019,0.528,Series C,6
Space Base75,9.58,2023-10-31,United States,Austin,Internet software & services,Thrive Capital,2018,2.418,Series D,3
AeroForge,5.79,2023-10-24,Sweden,Stockholm,Artificial intelligence,Lightspeed Venture Partners,2013,2.393,Private Equity,6
OmniGrid80,9.64,2023-10-22,China,Hangzhou,Fintech,Google Ventures,2020,4.676,Series D,3
Health Dynamics26,130.58,2023-10-22,United States,Austin,Fintech,"Index Ventures, Accel",2015,30.373,Series C,8
Link Hub,2.96,2023-10-16,France,Paris,Internet software & services,"Sequoia Capital, Y Combinator, Thrive Capital",2020,1.374,Series C,18
NexZenith4,1.13,2023-10-14,United States,San Francisco,Health,"Tiger Global Management, Index Ventures, Coatue Management",2011,0.146,Series D,13
CyberBlock,2.28,2023-10-10,China,Shanghai,Fintech,"Andreessen Horowitz, Coatue Management, General Atlantic",2019,0.276,Series B,17
Space Hub82,1.23,2023-10-07,China,Shenzhen,Other,"Y Combinator, Thrive Capital, Khosla Ventures, Greylock Partners",2012,0.264,Series E,17
Grid Group53,4.88,2023-10-01,China,Shanghai,Internet software & services,"New Enterprise Associates, DST Global, Founders Fund, Coatue Management",2017,1.116,Series F,19
Omni AI34,1.41,2023-09-27,United States,Palo Alto,Fintech,"Tencent Holdings, SoftBank Group, Tiger Global Management",2013,0.487,Pre-IPO,4
Cyber Technologies,1.31,2023-09-25,United States,Seattle,E-commerce & direct-to-consumer,DST Global,2011,0.491,Pre-IPO,4
Cyber Base33,19.1,2023-09-24,United States,Seattle,Internet software & services,"Insight Partners, General Atlantic, Andreessen Horowitz, Greylock Partners",2013,6.458,Series C,19
Link Systems,4.85,2023-09-22,China,Hangzhou,Data management & analytics,"Sequoia Capital, Greylock Partners",2020,0.515,Series F,6
Auto Systems23,1.83,2023-09-14,Israel,Jerusalem,E-commerce & direct-to-consumer,"Index Ventures, Coatue Management, Andreessen Horowitz",2011,0.265,Series C,4
Vertex Systems60,1.35,2023-09-10,United Kingdom,London,Fintech,"Accel, Coatue Management",2011,0.542,Series E,4
Meta Base,1.12,2023-09-10,China,Shenzhen,Health,"Khosla Ventures, Tencent Holdings",2017,0.178,Series E,12
Pulse Labs89,13.35,2023-09-09,India,Bengaluru,Internet software & services,"New Enterprise Associates, Kleiner Perkins Caufield & Byers, Andreessen Horowitz, Khosla Ventures",2020,5.342,Pre-IPO,14
Flow Technologies24,2.15,2023-09-08,China,Shanghai,Auto & transportation,"Lightspeed Venture Partners, Index Ventures",2015,0.951,Pre-IPO,4
Grid Technologies,1.35,2023-09-06,United States,Seattle,Internet software & services,"Founders Fund, Thrive Capital, Kleiner Perkins Caufield & Byers",2013,0.553,Series E,17
Bio Solutions,9.87,2023-09-02,Brazil,Curitiba,Internet software & services,DST Global,2016,3.903,Series C,14
Corely,1.18,2023-08-28,United States,New York,E-commerce & direct-to-consumer,"Founders Fund, Y Combinator",2020,0.48,Series C,2
Core Dynamics60,8.51,2023-08-25,United States,San Francisco,Health,"Lightspeed Venture Partners, Y Combinator",2019,2.998,Series C,8
Cloud Networks30,5.58,2023-08-23,China,Guangzhou,Hardware,"Index Ventures, Insight Partners",2020,2.05,Series D,17
Forge Dynamics15,1.26,2023-08-19,United Kingdom,London,E-commerce & direct-to-consumer,"Tiger Global Management, Accel",2015,0.159,Series C,9
Shift Dynamics,2.19,2023-08-15,Japan,Tokyo,Cybersecurity,"Accel, DST Global, Coatue Management, New Enterprise Associates",2018,0.705,Series E,19
Stream Hub52,2.23,2023-08-08,United States,Palo Alto,Other,"General Atlantic, Accel",2016,0.516,Series D,16
Pay Group96,1.8,2023-08-06,United States,New York,Data management & analytics,"Kleiner Perkins Caufield & Byers, Greylock Partners, Khosla Ventures, Tencent Holdings",2018,0.526,Series E,10
Omni AI36,2.13,2023-08-06,China,Shanghai,Fintech,"Founders Fund, Y Combinator, Bessemer Venture Partners, General Atlantic",2011,0.783,Series B,19
PayShift34,1.19,2023-07-31,United States,Chicago,Data management & analytics,Insight Partners,2016,0.249,Series C,14
Zenith Networks58,23.37,2023-07-31,United States,New York,Health,"Lightspeed Venture Partners, Alibaba Group, Tencent Holdings",2017,11.315,Series E,18
Zenith Technologies,1.98,2023-07-26,United States,Seattle,Fintech,"Andreessen Horowitz, General Atlantic, Sequoia Capital, Greylock Partners",2013,0.324,Series C,5
AutoLink23,1.18,2023-07-26,United States,Palo Alto,Data management & analytics,"Sequoia Capital, Kleiner Perkins Caufield & Byers",2013,0.118,Pre-IPO,8
Nexio37,2.15,2023-07-24,China,Guangzhou,Auto & transportation,"Google Ventures, Bessemer Venture Partners, Andreessen Horowitz",2012,0.815,Pre-IPO,6
PayForge,2.74,2023-07-22,United Kingdom,Oxford,Fintech,Benchmark,2015,1.206,Series C,13
Pulse Labs,21.88,2023-07-21,Brazil,Sao Paulo,Hardware,"Tencent Holdings, Coatue Management, Lightspeed Venture Partners, Index Ventures",2019,7.947,Series E,16
Dataify8,9.88,2023-07-19,Singapore,Singapore,Fintech,"Google Ventures, Alibaba Group",2019,3.289,Series D,10
AutoPulse,1.9,2023-07-16,France,Paris,Consumer & retail,"Coatue Management, Y Combinator, SoftBank Group, Andreessen Horowitz",2017,0.757,Series D,10
Dataify,6.59,2023-07-10,India,Bengaluru,E-commerce & direct-to-consumer,"SoftBank Group, General Atlantic, Andreessen Horowitz, Tiger Global Management",2016,2.419,Series D,7
Smart Hub,1.92,2023-07-06,United States,Chicago,E-commerce & direct-to-consumer,"Insight Partners, Google Ventures, Andreessen Horowitz, Sequoia Capital",2016,0.28,Series E,8
CyberShift67,86.27,2023-07-05,United States,New York,E-commerce & direct-to-consumer,Lightspeed Venture Partners,2020,37.375,Pre-IPO,6
FinStream70,2.0,2023-07-02,China,Hangzhou,Internet software & services,Andreessen Horowitz,2015,0.245,Series E,2
Core Networks97,7.82,2023-07-02,India,Pune,Cybersecurity,"DST Global, Founders Fund",2019,2.945,Series D,12
Space Solutions45,2.79,2023-06-29,Singapore,Singapore,Health,"Sequoia Capital, Google Ventures, Andreessen Horowitz",2018,1.232,Series F,9
AeroStream56,1.22,2023-06-21,India,New Delhi,E-commerce & direct-to-consumer,"New Enterprise Associates, Alibaba Group",2015,0.391,Series D,4
Auto Networks34,1.28,2023-06-18,United Kingdom,London,Internet software & services,"Alibaba Group, Kleiner Perkins Caufield & Byers, Lightspeed Venture Partners, Y Combinator",2013,0.626,Series B,15
Cloudio98,2.24,2023-06-18,Israel,Tel Aviv,Data management & analytics,"Google Ventures, DST Global, Andreessen Horowitz",2012,0.613,Series C,3
Autoly,3.48,2023-06-18,Brazil,Sao Paulo,Internet software & services,"Google Ventures, SoftBank Group",2011,0.691,Series E,3
Nex Networks,3.74,2023-06-13,United States,Chicago,Fintech,"Khosla Ventures, Tencent Holdings, Greylock Partners, Accel",2012,1.818,Series C,12
TechSpace,2.69,2023-06-08,United States,Austin,Data management & analytics,Tiger Global Management,2018,0.497,Series E,5
TechZenith,1.63,2023-06-07,United Kingdom,Oxford,Cybersecurity,"Google Ventures, Alibaba Group",2020,0.446,Series E,7
Vertex Labs21,1.36,2023-06-07,Brazil,Sao Paulo,Data management & analytics,"New Enterprise Associates, Tencent Holdings, Coatue Management",2017,0.21,Series D,7
MetaGrid59,1.65,2023-06-01,United States,Chicago,Data management & analytics,Kleiner Perkins Caufield & Byers,2011,0.246,Series B,15
Link Technologies19,2.77,2023-05-30,India,Gurugram,Other,New Enterprise Associates,2012,0.434,Series B,2
FinWave,2.5,2023-05-29,United States,Chicago,Other,"General Atlantic, Benchmark, Accel, Y Combinator",2018,1.229,Private Equity,11
TechCore,1.83,2023-05-26,Israel,Tel Aviv,Internet software & services,Tencent Holdings,2015,0.411,Series C,15
Wave Systems,2.7,2023-05-22,India,Bengaluru,Edtech,Google Ventures,2014,0.677,Series E,16
Stream Solutions63,6.72,2023-05-18,United States,Boston,Health,"Kleiner Perkins Caufield & Byers, Benchmark",2012,3.162,Series C,2
Health Dynamics,123.84,2023-05-17,United States,Austin,Internet software & services,"Andreessen Horowitz, Sequoia Capital, Benchmark, Bessemer Venture Partners",2016,44.734,Series F,9
BioForge,3.61,2023-05-13,United States,New York,E-commerce & direct-to-consumer,"Insight Partners, Y Combinator",2015,1.604,Series D,15
Cyber Networks79,2.48,2023-05-12,South Korea,Seoul,Artificial intelligence,Thrive Capital,2012,1.009,Series D,7
MetaPulse,2.23,2023-05-11,India,Pune,Fintech,Tiger Global Management,2016,0.293,Private Equity,7
Meta AI12,4.11,2023-05-08,United States,San Francisco,Fintech,"Tiger Global Management, Kleiner Perkins Caufield & Byers, General Atlantic",2013,0.656,Series C,7
DataBlock,1.9,2023-05-04,France,Paris,Fintech,Lightspeed Venture Partners,2012,0.196,Series C,4
OmniWave,2.65,2023-05-02,Canada,Montreal,Artificial intelligence,"Coatue Management, SoftBank Group, Thrive Capital, Sequoia Capital",2017,0.66,Series C,18
NexVertex,1.56,2023-04-29,United States,Los Angeles,Other,Lightspeed Venture Partners,2018,0.343,Series D,15
BioShift,5.82,2023-04-26,United States,San Francisco,Fintech,"Coatue Management, Sequoia Capital, Tiger Global Management",2013,0.803,Private Equity,16
Aero Base58,10.46,2023-04-26,Germany,Munich,E-commerce & direct-to-consumer,"Thrive Capital, SoftBank Group, Benchmark, DST Global",2020,2.731,Series E,19
Cloud Systems,1.91,2023-04-20,United States,Los Angeles,Health,"Khosla Ventures, Bessemer Venture Partners, DST Global",2017,0.436,Series D,7
Shift Base,1.53,2023-04-18,United Kingdom,Oxford,Fintech,"Alibaba Group, Founders Fund, Benchmark, Accel",2018,0.351,Pre-IPO,7
Streamio34,27.11,2023-04-17,United Kingdom,Oxford,Health,"Insight Partners, Thrive Capital, Sequoia Capital",2012,9.374,Series C,17
Core Systems,2.46,2023-04-13,India,Mumbai,Fintech,General Atlantic,2016,0.946,Private Equity,12
Bioify,2.63,2023-04-10,United States,Boston,Cybersecurity,"Index Ventures, DST Global, New Enterprise Associates",2020,0.987,Series E,18
Nexify56,1.66,2023-04-05,United States,Seattle,Artificial intelligence,"Google Ventures, Andreessen Horowitz, Y Combinator, Index Ventures",2016,0.237,Series D,8
Autoly60,1.74,2023-03-31,United States,Boston,Fintech,"New Enterprise Associates, Accel",2017,0.722,Series D,12
BioForge46,8.39,2023-03-31,Brazil,Curitiba,Internet software & services,"Khosla Ventures, Kleiner Perkins Caufield & Byers",2011,3.086,Series C,3
CloudWave72,2.18,2023-03-22,United States,Boston,Artificial intelligence,"Lightspeed Venture Partners, Y Combinator",2019,0.35,Series D,5
Vertexly18,5.78,2023-03-20,United States,San Francisco,Fintech,"Accel, Andreessen Horowitz",2020,1.191,Series D,17
Stream Solutions47,1.52,2023-03-15,China,Guangzhou,Fintech,"Lightspeed Venture Partners, General Atlantic, DST Global",2011,0.361,Private Equity,8
Core Dynamics16,2.23,2023-03-15,China,Beijing,Fintech,"Tiger Global Management, Alibaba Group, Accel",2014,0.942,Series D,11
Cloudio16,2.6,2023-03-13,Israel,Tel Aviv,Fintech,Tiger Global Management,2016,0.372,Series E,9
Meta Systems88,17.16,2023-03-11,France,Paris,Auto & transportation,"Khosla Ventures, Lightspeed Venture Partners, DST Global",2015,1.969,Series C,18
Metaify28,2.28,2023-03-05,Canada,Toronto,Internet software & services,"Y Combinator, Tencent Holdings, Coatue Management, Index Ventures",2014,0.451,Series E,4
Cloud Solutions,2.55,2023-03-04,United States,Seattle,Cybersecurity,"Y Combinator, New Enterprise Associates, Alibaba Group, Tiger Global Management",2015,0.791,Pre-IPO,9
Flow Systems,1.73,2023-03-04,United States,Chicago,Artificial intelligence,"Lightspeed Venture Partners, Founders Fund, Andreessen Horowitz, Accel",2020,0.173,Series D,14
Zenithly,2.3,2023-03-03,United States,Los Angeles,Health,"Greylock Partners, Alibaba Group, New Enterprise Associates, Kleiner Perkins Caufield & Byers",2015,0.334,Series D,9
TechShift,3.65,2023-03-01,China,Shanghai,Fintech,"Khosla Ventures, Alibaba Group, Benchmark, Tiger Global Management",2011,0.505,Series D,8
Pulse Group35,8.81,2023-03-01,United States,Palo Alto,"Supply chain, logistics, & delivery","New Enterprise Associates, Y Combinator",2019,2.08,Private Equity,7
Aero AI97,9.34,2023-02-27,United States,Austin,Health,"New Enterprise Associates, Y Combinator, Coatue Management, Benchmark",2014,1.07,Series D,19
Zenith Labs,1.32,2023-02-18,Israel,Tel Aviv,Cybersecurity,Coatue Management,2015,0.283,Series D,14
TechBlock32,2.3,2023-02-15,Canada,Montreal,Fintech,Khosla Ventures,2019,1.029,Series C,4
Flow Labs,6.31,2023-02-15,United States,San Francisco,Cybersecurity,Y Combinator,2016,2.739,Series D,6
Cloud Networks82,5.08,2023-02-10,United States,Austin,Fintech,"Insight Partners, Greylock Partners, General Atlantic",2015,2.002,Series C,3
Vertex Group4,1.49,2023-02-08,United Kingdom,Cambridge,Fintech,"Google Ventures, Tencent Holdings, Coatue Management",2018,0.608,Series D,13
Cloud Technologies,1.96,2023-01-31,United Kingdom,Oxford,Internet software & services,"SoftBank Group, Greylock Partners, DST Global",2012,0.585,Series D,7
Flowify44,1.4,2023-01-25,Brazil,Sao Paulo,E-commerce & direct-to-consumer,"Insight Partners, New Enterprise Associates",2015,0.658,Series E,3
Bio Group26,1.82,2023-01-24,Singapore,Singapore,Hardware,"General Atlantic, New Enterprise Associates, Alibaba Group",2019,0.431,Series D,5
BioSpace90,1.66,2023-01-20,United States,Austin,Fintech,"New Enterprise Associates, Thrive Capital",2011,0.375,Series E,2
Streamio,22.85,2023-01-17,United States,Los Angeles,Cybersecurity,"Thrive Capital, Kleiner Perkins Caufield & Byers, Alibaba Group, Tencent Holdings",2012,8.133,Series F,9
TechPulse55,4.73,2023-01-17,France,Paris,Fintech,"Y Combinator, Lightspeed Venture Partners, Tencent Holdings, Sequoia Capital",2014,2.328,Series D,5
Omni Systems43,2.05,2023-01-13,Canada,Montreal,Internet software & services,"Bessemer Venture Partners, Andreessen Horowitz",2019,0.674,Series E,4
OmniFlow56,13.3,2023-01-12,United Kingdom,Cambridge,Fintech,"Andreessen Horowitz, SoftBank Group",2015,2.424,Pre-IPO,8
Shift Solutions85,24.52,2023-01-12,United States,Boston,Hardware,"Coatue Management, Alibaba Group, Greylock Partners",2018,8.143,Series C,14
Space Systems70,9.67,2022-12-27,China,Shanghai,"Supply chain, logistics, & delivery",Founders Fund,2019,4.647,Series C,8
Cyber Group,2.48,2022-12-27,Israel,Jerusalem,Internet software & services,Khosla Ventures,2014,1.188,Series D,5
Cloud Solutions37,1.33,2022-12-22,United States,Boston,Fintech,"Accel, Khosla Ventures, Thrive Capital",2017,0.219,Series E,6
Flow AI13,1.37,2022-12-20,United States,Palo Alto,Data management & analytics,"Tiger Global Management, Khosla Ventures, Insight Partners",2012,0.25,Series D,3
Shiftly73,1.73,2022-12-17,United States,Seattle,Data management & analytics,"Greylock Partners, Bessemer Venture Partners, Thrive Capital, Tencent Holdings",2012,0.427,Private Equity,14
Data Technologies9,2.07,2022-12-14,United States,Boston,E-commerce & direct-to-consumer,"Alibaba Group, Andreessen Horowitz, Tencent Holdings",2018,0.774,Series F,3
Stream Base,1.83,2022-12-13,United States,Austin,Health,Alibaba Group,2016,0.83,Private Equity,11
MetaVertex34,1.73,2022-12-08,United States,Palo Alto,Internet software & services,"New Enterprise Associates, Alibaba Group, Tiger Global Management",2017,0.396,Series D,10
AutoSpace85,7.1,2022-12-06,China,Hangzhou,E-commerce & direct-to-consumer,SoftBank Group,2010,2.916,Pre-IPO,12
Grid Base59,60.21,2022-12-01,India,New Delhi,Health,"DST Global, Coatue Management, Accel",2014,18.239,Series D,12
NovaBlock,2.28,2022-12-01,Sweden,Stockholm,Edtech,"Lightspeed Venture Partners, Thrive Capital, Google Ventures, Index Ventures",2012,0.295,Series E,5
Metaly63,2.97,2022-11-28,United States,Chicago,Cybersecurity,Sequoia Capital,2012,0.622,Private Equity,6
Forge Solutions51,2.89,2022-11-26,United States,Seattle,Fintech,"Insight Partners, Andreessen Horowitz, Y Combinator",2011,1.1,Series E,6
Health Solutions34,13.17,2022-11-22,United States,San Francisco,Internet software & services,"Khosla Ventures, Index Ventures",2019,2.632,Pre-IPO,5
Forgeio,9.23,2022-11-22,United States,Chicago,Health,"Khosla Ventures, Index Ventures",2019,3.672,Series F,5
OmniMind65,1.12,2022-11-17,United States,Chicago,Edtech,"Coatue Management, Kleiner Perkins Caufield & Byers, Alibaba Group",2018,0.133,Series D,6
AutoFlow38,1.54,2022-11-10,China,Guangzhou,Artificial intelligence,"Thrive Capital, Tiger Global Management",2010,0.697,Series D,3
SmartForge11,1.77,2022-11-09,United States,Boston,Other,"New Enterprise Associates, Google Ventures, Andreessen Horowitz, Accel",2014,0.577,Series D,8
PayFlow,1.23,2022-11-07,United States,Los Angeles,Internet software & services,"Accel, Index Ventures, Alibaba Group, Bessemer Venture Partners",2010,0.186,Series F,7
Tech AI82,2.74,2022-11-04,China,Guangzhou,Fintech,"Accel, New Enterprise Associates, Insight Partners, Thrive Capital",2010,1.011,Series E,9
CyberGrid,5.83,2022-10-30,Germany,Berlin,Fintech,"DST Global, General Atlantic, Khosla Ventures, Y Combinator",2010,1.22,Series B,16
Auto Networks11,22.19,2022-10-30,India,Bengaluru,Health,"Khosla Ventures, Alibaba Group, New Enterprise Associates",2015,3.898,Series F,13
Pay AI6,1.87,2022-10-29,United States,Chicago,"Supply chain, logistics, & delivery","Coatue Management, Accel, Greylock Partners, Tencent Holdings",2015,0.42,Series C,19
Cyber Systems62,3.96,2022-10-29,United States,Seattle,Health,"Greylock Partners, Sequoia Capital, SoftBank Group, Andreessen Horowitz",2011,0.49,Series E,7
Omni Solutions,1.21,2022-10-25,India,Pune,Internet software & services,"Accel, Tiger Global Management, Andreessen Horowitz",2015,0.58,Series E,17
Nova Group,2.76,2022-10-25,United States,New York,E-commerce & direct-to-consumer,"Greylock Partners, Founders Fund, Kleiner Perkins Caufield & Byers",2015,1.182,Series C,12
Health Solutions,2.61,2022-10-21,Israel,Jerusalem,Fintech,Google Ventures,2018,0.837,Series D,12
HealthForge,3.56,2022-10-15,United States,Boston,Health,"Google Ventures, Khosla Ventures",2017,1.362,Series B,4
Vertex Systems71,2.4,2022-10-14,United States,San Francisco,Data management & analytics,"DST Global, Tencent Holdings",2013,0.343,Pre-IPO,8
CyberForge,2.38,2022-10-02,France,Paris,Cybersecurity,"Tencent Holdings, SoftBank Group, Benchmark",2012,0.636,Series E,13
Stream Dynamics,1.21,2022-10-01,China,Guangzhou,Artificial intelligence,"Lightspeed Venture Partners, Thrive Capital, Benchmark, Index Ventures",2018,0.383,Series C,18
Payio,2.63,2022-09-29,France,Paris,Travel,"Y Combinator, DST Global",2017,0.944,Series C,2
Core Group,3.99,2022-09-26,Indonesia,Jakarta,Health,"Y Combinator, Thrive Capital, Kleiner Perkins Caufield & Byers, Andreessen Horowitz",2015,0.671,Series E,13
SmartGrid86,1.52,2022-09-25,United States,Seattle,Internet software & services,"Founders Fund, SoftBank Group, Tiger Global Management",2013,0.408,Series D,7
AeroPulse,1.16,2022-09-21,United States,Chicago,Internet software & services,"Founders Fund, Coatue Management, Khosla Ventures, DST Global",2011,0.133,Series D,6
Zenithify16,29.87,2022-09-21,United Kingdom,Cambridge,Health,Accel,2011,11.849,Private Equity,4
OmniMind,1.58,2022-09-19,United States,Palo Alto,Artificial intelligence,"Alibaba Group, Benchmark, Lightspeed Venture Partners, Kleiner Perkins Caufield & Byers",2016,0.529,Series E,14
CloudBlock88,2.64,2022-09-17,Singapore,Singapore,Artificial intelligence,General Atlantic,2012,0.963,Series F,9
DataVertex,21.62,2022-09-07,United States,Austin,E-commerce & direct-to-consumer,"Index Ventures, Coatue Management",2019,9.813,Series C,15
Vertex Labs86,2.83,2022-09-06,United Kingdom,London,Cybersecurity,Accel,2018,1.277,Series D,6
Forge Labs30,2.12,2022-09-05,Brazil,Sao Paulo,E-commerce & direct-to-consumer,Y Combinator,2017,0.408,Series E,2
Shift Base53,2.63,2022-09-03,India,Mumbai,E-commerce & direct-to-consumer,"Bessemer Venture Partners, Kleiner Perkins Caufield & Byers",2017,0.34,Series D,16
Forge Networks26,9.29,2022-08-24,India,Mumbai,Consumer & retail,Founders Fund,2016,1.293,Series E,14
AeroFlow,2.87,2022-08-23,United States,Chicago,E-commerce & direct-to-consumer,"Accel, Greylock Partners, Sequoia Capital, Kleiner Perkins Caufield & Byers",2014,0.726,Series C,6
Vertex Base,2.17,2022-08-22,United States,Austin,Fintech,"Y Combinator, Andreessen Horowitz, Index Ventures, Accel",2017,0.809,Series E,6
Space Hub90,1.87,2022-08-22,United States,Palo Alto,Internet software & services,"Alibaba Group, Thrive Capital, Coatue Management, Google Ventures",2017,0.815,Series C,5
Shift Hub20,1.31,2022-08-22,United States,Los Angeles,Fintech,"Benchmark, Thrive Capital, Tencent Holdings, Andreessen Horowitz",2018,0.448,Series E,6
Nexly64,2.94,2022-08-22,United States,Austin,Health,"Tencent Holdings, Index Ventures, Bessemer Venture Partners",2010,0.407,Series D,5
Nex Dynamics,9.72,2022-08-21,United States,Chicago,Health,"Y Combinator, SoftBank Group, Founders Fund, Index Ventures",2014,1.503,Series F,9
NovaMind76,1.86,2022-08-21,United States,Palo Alto,Auto & transportation,"Lightspeed Venture Partners, Bessemer Venture Partners, Accel",2014,0.304,Series F,13
Mind Networks52,11.96,2022-08-14,United States,Seattle,Artificial intelligence,"Bessemer Venture Partners, Index Ventures, Accel",2010,3.281,Series F,13
Space Technologies33,8.15,2022-08-08,India,Pune,Data management & analytics,"Y Combinator, Kleiner Perkins Caufield & Byers, Tencent Holdings, Khosla Ventures",2010,1.014,Series D,14
AutoMind,1.49,2022-08-08,Singapore,Singapore,E-commerce & direct-to-consumer,"Alibaba Group, DST Global",2014,0.639,Series D,2
OmniStream12,2.94,2022-08-08,China,Guangzhou,E-commerce & direct-to-consumer,"New Enterprise Associates, Kleiner Perkins Caufield & Byers, Coatue Management",2013,1.462,Series D,3
Cyber AI,1.28,2022-08-04,China,Shanghai,Consumer & retail,"Benchmark, Lightspeed Venture Partners, Tiger Global Management",2012,0.542,Series C,6
NovaVertex6,2.89,2022-08-02,United States,New York,E-commerce & direct-to-consumer,"Founders Fund, Khosla Ventures, Bessemer Venture Partners",2013,0.601,Series D,8
CloudFlow40,2.73,2022-07-30,United States,Los Angeles,Cybersecurity,"Founders Fund, New Enterprise Associates, Sequoia Capital, Y Combinator",2012,1.128,Series F,13
Tech Hub,7.23,2022-07-28,United States,Boston,E-commerce & direct-to-consumer,Y Combinator,2013,1.285,Series C,10
NovaSpace,1.5,2022-07-28,United States,New York,Internet software & services,"Sequoia Capital, Y Combinator, New Enterprise Associates",2016,0.503,Series D,3
CyberSpace,2.11,2022-07-23,United States,Los Angeles,Internet software & services,"Founders Fund, Tiger Global Management, Insight Partners, Greylock Partners",2013,0.388,Series E,18
PayBlock16,1.15,2022-07-21,United States,Palo Alto,E-commerce & direct-to-consumer,"Khosla Ventures, Alibaba Group, Lightspeed Venture Partners, Benchmark",2015,0.548,Series B,13
Health AI84,1.31,2022-07-19,United States,Seattle,E-commerce & direct-to-consumer,"Alibaba Group, Thrive Capital, Google Ventures, Y Combinator",2016,0.402,Pre-IPO,6
AeroCore,2.92,2022-07-19,China,Hangzhou,Fintech,Founders Fund,2018,0.881,Series D,6
Core Base2,2.65,2022-07-13,United States,Seattle,Artificial intelligence,"Greylock Partners, Thrive Capital",2017,0.293,Series D,16
Smart Technologies59,2.39,2022-07-09,United States,Palo Alto,Consumer & retail,Kleiner Perkins Caufield & Byers,2018,0.712,Private Equity,3
Smartly,7.56,2022-07-04,Germany,Berlin,"Supply chain, logistics, & delivery","Insight Partners, Sequoia Capital",2010,1.217,Series C,6
FinZenith,1.06,2022-07-03,China,Hangzhou,Fintech,Y Combinator,2013,0.111,Series E,10
Shiftify4,1.09,2022-07-03,China,Hangzhou,Data management & analytics,"DST Global, Thrive Capital, Tiger Global Management",2017,0.476,Series C,15
AeroLink,1.24,2022-07-03,United States,Seattle,Health,"Founders Fund, Accel, General Atlantic",2014,0.524,Series E,18
Cloudly69,2.45,2022-06-20,China,Hangzhou,Other,"General Atlantic, Alibaba Group, Benchmark, Khosla Ventures",2010,0.484,Pre-IPO,18
Smart Base70,9.93,2022-06-15,China,Shenzhen,Fintech,"New Enterprise Associates, DST Global, Alibaba Group, Y Combinator",2011,2.27,Pre-IPO,12
Data Group50,1.44,2022-06-07,United States,San Francisco,Fintech,"Sequoia Capital, Tencent Holdings, Insight Partners",2013,0.472,Series E,16
Omni Labs91,2.6,2022-06-06,United States,New York,"Supply chain, logistics, & delivery","Thrive Capital, DST Global, Tencent Holdings, Coatue Management",2015,0.512,Series C,8
Forge Networks,5.21,2022-06-02,Canada,Vancouver,Internet software & services,"New Enterprise Associates, Thrive Capital",2012,0.632,Series C,6
Data Group38,1.32,2022-05-28,India,New Delhi,Internet software & services,"Alibaba Group, Insight Partners, Greylock Partners, Bessemer Venture Partners",2015,0.301,Series D,15
Vertex Systems51,2.62,2022-05-26,Sweden,Stockholm,Artificial intelligence,"Lightspeed Venture Partners, Accel, Bessemer Venture Partners, Greylock Partners",2012,0.665,Series E,9
Bio Base95,1.98,2022-05-24,United States,Chicago,Internet software & services,"Thrive Capital, DST Global, General Atlantic",2014,0.561,Series D,14
Wave Solutions36,2.01,2022-05-24,Brazil,Curitiba,Internet software & services,Accel,2012,0.206,Series C,16
AeroCore89,1.12,2022-05-22,United States,San Francisco,Internet software & services,"Kleiner Perkins Caufield & Byers, Tencent Holdings",2011,0.444,Series D,17
MetaGrid,2.26,2022-05-21,United States,Palo Alto,Internet software & services,DST Global,2015,0.715,Series B,1
Stream Base23,23.19,2022-05-18,United States,Chicago,Data management & analytics,Greylock Partners,2015,2.987,Series C,11
Grid Labs,1.46,2022-05-10,United States,Seattle,E-commerce & direct-to-consumer,"Tiger Global Management, Thrive Capital, Lightspeed Venture Partners, General Atlantic",2010,0.532,Series C,10
HealthForge77,1.97,2022-05-09,Germany,Berlin,Artificial intelligence,Bessemer Venture Partners,2010,0.434,Series E,5
Dataify5,2.78,2022-05-09,United States,New York,Fintech,"Andreessen Horowitz, Benchmark",2019,0.613,Series E,15
Zenithio35,1.46,2022-05-02,United States,Palo Alto,Fintech,"Sequoia Capital, Andreessen Horowitz, Khosla Ventures",2018,0.447,Series E,15
Stream Systems81,1.54,2022-05-01,United States,Seattle,Fintech,"Founders Fund, Lightspeed Venture Partners",2010,0.272,Series E,11
Coreify,2.35,2022-04-30,United States,Palo Alto,Internet software & services,"Bessemer Venture Partners, Index Ventures, Benchmark, Lightspeed Venture Partners",2011,0.46,Series F,19
Tech Systems22,1.32,2022-04-30,United States,San Francisco,Edtech,Bessemer Venture Partners,2012,0.183,Series B,3
Vertex Technologies67,18.39,2022-04-18,United States,Seattle,Internet software & services,"Alibaba Group, Sequoia Capital, General Atlantic",2011,6.329,Series D,7
TechShift78,22.76,2022-04-18,Sweden,Stockholm,Data management & analytics,"Kleiner Perkins Caufield & Byers, Tiger Global Management, Founders Fund, Coatue Management",2015,6.123,Series C,4
Metaio,1.6,2022-04-18,United States,Palo Alto,E-commerce & direct-to-consumer,"Tencent Holdings, Bessemer Venture Partners, New Enterprise Associates",2010,0.722,Series F,4
Cloudly12,1.89,2022-04-16,United States,Boston,Fintech,Index Ventures,2014,0.913,Series D,15
Omni Group55,1.51,2022-04-15,United Kingdom,Cambridge,Consumer & retail,"Google Ventures, Benchmark",2018,0.722,Series C,15
Nova Labs,19.64,2022-04-13,United States,Palo Alto,Artificial intelligence,"Insight Partners, Accel",2018,2.793,Pre-IPO,2
TechStream2,7.51,2022-04-11,India,Bengaluru,E-commerce & direct-to-consumer,"Lightspeed Venture Partners, Tiger Global Management",2015,1.179,Series D,2
Vertex Systems79,2.34,2022-04-11,United States,Chicago,Fintech,Lightspeed Venture Partners,2015,0.343,Series D,12
MetaForge,2.17,2022-04-08,United States,Los Angeles,Internet software & services,DST Global,2019,0.969,Series D,3
DataWave7,1.46,2022-04-07,United States,New York,Auto & transportation,Index Ventures,2014,0.712,Series F,9
Metaio91,2.63,2022-04-01,India,Mumbai,Data management & analytics,"Tiger Global Management, Tencent Holdings",2016,0.901,Series E,2
Mindly35,1.93,2022-03-28,United States,Austin,Health,DST Global,2019,0.508,Series D,8
Flow Technologies,2.64,2022-03-21,Germany,Berlin,E-commerce & direct-to-consumer,Google Ventures,2012,0.851,Series F,8
Shift Hub,21.42,2022-03-12,United Kingdom,Cambridge,Internet software & services,"DST Global, Greylock Partners",2016,2.95,Private Equity,15
Smartio,1.94,2022-03-09,China,Hangzhou,Internet software & services,"Tiger Global Management, DST Global",2014,0.381,Series E,10
BioSpace9,2.95,2022-03-05,Brazil,Sao Paulo,Travel,"Benchmark, Kleiner Perkins Caufield & Byers, Alibaba Group, Andreessen Horowitz",2012,1.309,Series D,9
Streamify,4.71,2022-03-04,United States,Boston,Fintech,Thrive Capital,2011,0.635,Series C,14
Smart Base,1.06,2022-02-28,United States,New York,Other,"Sequoia Capital, Tencent Holdings, Benchmark, Coatue Management",2014,0.185,Series B,11
Cyberify34,27.76,2022-02-25,United Kingdom,London,Internet software & services,Tencent Holdings,2012,13.105,Series D,14
Wave Hub76,2.63,2022-02-12,United States,Palo Alto,Fintech,"Y Combinator, DST Global, Sequoia Capital, Founders Fund",2011,1.19,Series D,16
Aero Labs,1.64,2022-02-09,United States,Boston,Fintech,"Coatue Management, Benchmark, Thrive Capital, SoftBank Group",2011,0.51,Series F,19
Bioly1,1.62,2022-02-06,India,Pune,E-commerce & direct-to-consumer,"Benchmark, Insight Partners, Lightspeed Venture Partners, SoftBank Group",2018,0.427,Pre-IPO,18
OmniGrid37,3.66,2022-01-26,United Kingdom,Oxford,Internet software & services,"Index Ventures, Khosla Ventures, Lightspeed Venture Partners, Accel",2014,1.364,Series E,9
Zenith Group,1.71,2022-01-24,United States,Austin,Artificial intelligence,"Bessemer Venture Partners, Insight Partners, Lightspeed Venture Partners, Founders Fund",2019,0.758,Series D,15
DataShift24,2.24,2022-01-20,Germany,Berlin,Artificial intelligence,"Tencent Holdings, Founders Fund, Thrive Capital, Kleiner Perkins Caufield & Byers",2012,1.059,Pre-IPO,10
Pay Dynamics31,1.42,2022-01-13,India,New Delhi,E-commerce & direct-to-consumer,"Kleiner Perkins Caufield & Byers, Index Ventures",2014,0.219,Series C,15
Shift Systems,2.23,2022-01-02,United States,Palo Alto,Health,"Accel, Thrive Capital, Tiger Global Management, Kleiner Perkins Caufield & Byers",2014,0.283,Pre-IPO,4
Nova Hub51,1.01,2022-01-02,Sweden,Stockholm,Artificial intelligence,"Sequoia Capital, SoftBank Group, Tiger Global Management, Khosla Ventures",2013,0.313,Series D,13
Linkify,1.7,2021-12-25,United States,San Francisco,Fintech,"General Atlantic, Y Combinator, Insight Partners",2018,0.402,Series E,16
Finly,5.61,2021-12-23,United States,Boston,Fintech,Y Combinator,2010,1.821,Series D,4
HealthPulse70,1.11,2021-12-19,United States,Austin,Data management & analytics,"General Atlantic, Tiger Global Management, Insight Partners, Tencent Holdings",2010,0.213,Series E,10
Fin Technologies,2.96,2021-12-18,Singapore,Singapore,Fintech,"Lightspeed Venture Partners, Sequoia Capital, General Atlantic",2012,0.575,Series C,11
Healthify,2.43,2021-12-11,China,Shanghai,Health,"Tiger Global Management, Greylock Partners",2017,0.297,Series F,3
Zenith Labs65,2.24,2021-12-09,Canada,Montreal,Cybersecurity,"Tiger Global Management, Benchmark",2012,0.784,Series D,4
MetaCore46,16.13,2021-12-05,India,New Delhi,Fintech,"Lightspeed Venture Partners, Index Ventures, Thrive Capital, Founders Fund",2015,3.166,Pre-IPO,8
PayLink,7.83,2021-12-02,Germany,Munich,E-commerce & direct-to-consumer,"Coatue Management, Accel, SoftBank Group, Tencent Holdings",2018,3.857,Series D,9
Vertexly48,1.82,2021-11-25,United States,Seattle,Internet software & services,"Thrive Capital, Insight Partners, Coatue Management, Tencent Holdings",2015,0.465,Series D,10
Grid Technologies19,6.38,2021-11-17,United States,Chicago,"Supply chain, logistics, & delivery",Lightspeed Venture Partners,2011,1.229,Series F,9
Pulseio,14.73,2021-11-14,United States,Boston,E-commerce & direct-to-consumer,"Greylock Partners, Sequoia Capital",2016,5.813,Pre-IPO,12
Data Base,2.42,2021-10-29,United States,Austin,Edtech,"Khosla Ventures, Y Combinator, Tiger Global Management, Kleiner Perkins Caufield & Byers",2015,1.09,Series E,9
NexShift6,1.66,2021-10-26,United States,New York,Health,"Tiger Global Management, Insight Partners",2011,0.489,Series C,2
Pulse Networks,5.76,2021-10-24,China,Guangzhou,Fintech,Kleiner Perkins Caufield & Byers,2017,1.617,Series E,2
MetaCore26,2.0,2021-10-21,United States,Seattle,Consumer & retail,"New Enterprise Associates, Sequoia Capital, Andreessen Horowitz",2012,0.904,Series D,6
DataGrid,1.62,2021-10-18,India,New Delhi,E-commerce & direct-to-consumer,"Khosla Ventures, Insight Partners, Tiger Global Management, Y Combinator",2015,0.228,Series D,13
Block Labs11,1.27,2021-10-18,United States,Chicago,Fintech,"Thrive Capital, Insight Partners, Khosla Ventures, Google Ventures",2012,0.501,Series C,12
CloudStream,1.73,2021-10-16,United Kingdom,London,Other,Accel,2011,0.351,Series C,16
Wavely,2.43,2021-10-07,Australia,Sydney,Fintech,"Thrive Capital, Greylock Partners, Founders Fund, Insight Partners",2015,0.291,Series C,19
Smart Systems86,1.32,2021-10-05,United States,Austin,Other,"Accel, Alibaba Group",2017,0.536,Series D,11
DataForge,1.64,2021-10-03,United States,New York,Hardware,"Tencent Holdings, Andreessen Horowitz, Index Ventures",2011,0.621,Private Equity,7
TechFlow,1.57,2021-10-02,United States,New York,Artificial intelligence,"Benchmark, Y Combinator, New Enterprise Associates, Andreessen Horowitz",2011,0.728,Series E,10
Link Group63,1.7,2021-10-01,Canada,Montreal,Other,"New Enterprise Associates, General Atlantic, Bessemer Venture Partners",2017,0.78,Series C,8
OmniForge,8.42,2021-09-28,United States,Los Angeles,Internet software & services,General Atlantic,2010,3.295,Pre-IPO,1
Zenith Hub,2.19,2021-09-28,United States,Seattle,E-commerce & direct-to-consumer,"Andreessen Horowitz, Y Combinator",2011,0.368,Series D,14
Core Dynamics,2.91,2021-09-21,United States,Los Angeles,Fintech,"New Enterprise Associates, Alibaba Group, Thrive Capital",2014,1.001,Series D,9
Zenith Dynamics21,1.31,2021-09-20,Indonesia,Jakarta,E-commerce & direct-to-consumer,"New Enterprise Associates, Alibaba Group, Benchmark",2018,0.538,Series F,15
Bioify67,15.87,2021-09-16,United Kingdom,Oxford,Internet software & services,"Tencent Holdings, Y Combinator, DST Global, Khosla Ventures",2013,4.905,Series C,15
Omni Labs,2.5,2021-09-03,United States,Seattle,Internet software & services,"Coatue Management, Lightspeed Venture Partners, General Atlantic, Benchmark",2017,0.964,Series E,11
CloudVertex68,2.15,2021-08-31,United States,Austin,Other,Bessemer Venture Partners,2017,0.292,Series C,3
Bio Solutions87,2.65,2021-08-27,United States,Chicago,E-commerce & direct-to-consumer,Andreessen Horowitz,2016,1.211,Series D,11
NovaZenith,2.54,2021-08-26,United States,San Francisco,Internet software & services,"Andreessen Horowitz, Index Ventures, Kleiner Perkins Caufield & Byers, Founders Fund",2010,0.828,Series F,14
Nexify,2.8,2021-08-26,United States,Chicago,Artificial intelligence,"Accel, Insight Partners, Alibaba Group",2012,0.819,Series D,8
Block Base7,2.58,2021-08-25,United States,Palo Alto,Hardware,"New Enterprise Associates, Google Ventures, Index Ventures",2013,1.19,Series F,6
DataFlow17,2.31,2021-08-17,United States,New York,Internet software & services,"Andreessen Horowitz, Tiger Global Management, SoftBank Group",2010,0.507,Series D,8
Wave Networks80,1.78,2021-08-16,United States,New York,Internet software & services,"DST Global, Founders Fund, Coatue Management, Google Ventures",2012,0.295,Pre-IPO,15
DataWave96,74.3,2021-08-15,United States,Seattle,Internet software & services,"Benchmark, Thrive Capital, Sequoia Capital",2016,26.001,Private Equity,8
MetaPulse49,1.37,2021-08-08,China,Beijing,Internet software & services,"Sequoia Capital, Tiger Global Management, Alibaba Group",2018,0.441,Series E,7
Forge Group86,6.34,2021-08-02,India,Pune,Fintech,"Tencent Holdings, Lightspeed Venture Partners",2010,0.963,Series B,6
Grid Base65,2.61,2021-07-30,United States,Austin,Other,"General Atlantic, Tencent Holdings",2017,0.446,Series B,11
Forge Systems,1.4,2021-07-29,United States,New York,Internet software & services,"Y Combinator, Tencent Holdings, Tiger Global Management, Khosla Ventures",2011,0.194,Series D,13
Mind Dynamics,1.07,2021-07-27,Australia,Sydney,E-commerce & direct-to-consumer,"Alibaba Group, Andreessen Horowitz, Coatue Management",2013,0.224,Series D,14
Bio AI,2.19,2021-07-25,United States,Los Angeles,Internet software & services,"SoftBank Group, Thrive Capital, Andreessen Horowitz, Coatue Management",2015,1.059,Series E,11
MetaMind61,2.32,2021-07-24,China,Beijing,"Supply chain, logistics, & delivery","Accel, Alibaba Group, Google Ventures, Benchmark",2018,0.476,Series E,18
Space AI49,1.99,2021-07-19,United States,Austin,Fintech,"New Enterprise Associates, Khosla Ventures, SoftBank Group",2011,0.377,Series D,3
FinSpace,2.27,2021-07-19,China,Shanghai,Data management & analytics,"Founders Fund, Greylock Partners",2011,0.283,Series B,15
Flowify,2.9,2021-07-16,United Kingdom,Oxford,Fintech,"Coatue Management, Insight Partners, Y Combinator",2012,1.007,Series E,3
Zenith Base57,1.52,2021-07-12,Israel,Tel Aviv,Hardware,Insight Partners,2012,0.332,Series C,15
Vertexify14,2.9,2021-07-10,United States,Seattle,E-commerce & direct-to-consumer,"Greylock Partners, Y Combinator, Kleiner Perkins Caufield & Byers, General Atlantic",2016,1.404,Series D,18
Streamio97,2.88,2021-07-08,United States,Chicago,"Supply chain, logistics, & delivery","Greylock Partners, Insight Partners, Tiger Global Management",2010,0.703,Series D,11
DataWave58,1.94,2021-07-05,United States,Los Angeles,Fintech,"Lightspeed Venture Partners, Greylock Partners",2009,0.305,Series C,7
Block Technologies,5.35,2021-07-02,India,Bengaluru,Fintech,"Insight Partners, Lightspeed Venture Partners, Khosla Ventures",2017,1.285,Series D,6
Novaify27,1.92,2021-06-24,United States,Los Angeles,"Supply chain, logistics, & delivery","Accel, Benchmark",2010,0.685,Series C,12
Link Base,8.31,2021-06-23,United States,Boston,Internet software & services,"Founders Fund, General Atlantic, Tencent Holdings, Insight Partners",2013,1.171,Series E,16
Vertex Base19,3.11,2021-06-19,United States,San Francisco,Fintech,"New Enterprise Associates, Tencent Holdings, Tiger Global Management, Thrive Capital",2016,0.535,Series E,15
Omni Technologies95,1.07,2021-06-17,United States,Palo Alto,Internet software & services,General Atlantic,2016,0.201,Series E,5
NovaVertex,2.77,2021-06-16,Israel,Tel Aviv,Fintech,"Benchmark, Lightspeed Venture Partners, Alibaba Group",2013,0.497,Series D,11
Forge Labs,2.91,2021-06-13,France,Paris,Fintech,"Index Ventures, Thrive Capital",2011,0.862,Series C,14
AutoShift40,2.34,2021-06-12,United States,Palo Alto,E-commerce & direct-to-consumer,"General Atlantic, Alibaba Group, Andreessen Horowitz",2018,0.867,Series D,16
FinForge,1.83,2021-06-11,India,Mumbai,E-commerce & direct-to-consumer,"Google Ventures, Y Combinator, Khosla Ventures, Sequoia Capital",2009,0.461,Series D,4
PayCore3,7.1,2021-06-10,United States,Palo Alto,Health,"Y Combinator, Google Ventures, Andreessen Horowitz",2013,0.732,Series E,16
Flow Group,8.55,2021-06-10,China,Beijing,Fintech,Accel,2016,2.025,Series D,7
Forgeify44,8.55,2021-06-08,United States,Austin,Internet software & services,Kleiner Perkins Caufield & Byers,2012,1.581,Pre-IPO,7
DataMind,2.63,2021-06-08,China,Shenzhen,Artificial intelligence,"Benchmark, Accel, Bessemer Venture Partners",2010,0.958,Series D,9
Meta Systems91,1.96,2021-06-06,United States,Seattle,Internet software & services,Thrive Capital,2014,0.951,Series C,7
Wave Dynamics47,2.84,2021-06-06,Germany,Berlin,Cybersecurity,Coatue Management,2013,0.401,Series C,9
Nova Networks,2.48,2021-05-28,China,Shanghai,Hardware,"Benchmark, Tencent Holdings",2014,1.002,Series B,2
BioGrid58,2.15,2021-05-25,South Korea,Seoul,"Supply chain, logistics, & delivery","General Atlantic, Sequoia Capital, Kleiner Perkins Caufield & Byers, Thrive Capital",2010,0.362,Series E,11
Wave Technologies,2.65,2021-05-21,United States,Seattle,Cybersecurity,"SoftBank Group, Tencent Holdings, Andreessen Horowitz, Index Ventures",2011,0.388,Series C,11
HealthVertex95,1.65,2021-05-19,China,Guangzhou,Fintech,"Founders Fund, Insight Partners",2018,0.556,Series C,12
BioSpace,1.88,2021-05-15,Brazil,Sao Paulo,Auto & transportation,"Tencent Holdings, Accel, General Atlantic",2017,0.199,Series E,6
BioPulse42,6.97,2021-05-12,United States,New York,Fintech,Tencent Holdings,2016,2.8,Series B,2
AutoBlock,6.52,2021-05-12,Germany,Berlin,E-commerce & direct-to-consumer,"Sequoia Capital, Bessemer Venture Partners",2017,1.457,Series E,15
NexForge52,26.44,2021-05-11,United States,San Francisco,Fintech,"Coatue Management, Kleiner Perkins Caufield & Byers, Tencent Holdings, Google Ventures",2015,5.044,Series E,10
OmniFlow,1.12,2021-05-11,United States,New York,Health,"Lightspeed Venture Partners, Andreessen Horowitz, General Atlantic, Founders Fund",2015,0.127,Series C,11
Mind Networks39,4.27,2021-05-10,Germany,Berlin,Fintech,Benchmark,2014,0.66,Pre-IPO,12
Cloud Hub43,6.64,2021-04-28,China,Shanghai,Fintech,"Founders Fund, Bessemer Venture Partners",2013,1.096,Series C,11
CyberFlow,1.18,2021-04-28,United States,New York,E-commerce & direct-to-consumer,"Tencent Holdings, Tiger Global Management, Kleiner Perkins Caufield & Byers, SoftBank Group",2014,0.422,Series D,18
Tech Technologies61,1.04,2021-04-27,United States,Seattle,E-commerce & direct-to-consumer,Accel,2018,0.351,Private Equity,16
Core Solutions,6.33,2021-04-26,United States,Boston,Artificial intelligence,"Kleiner Perkins Caufield & Byers, Coatue Management",2011,2.562,Series D,16
HealthMind93,2.92,2021-04-22,Japan,Tokyo,"Supply chain, logistics, & delivery","Founders Fund, Thrive Capital",2011,1.362,Series D,3
Nex Technologies67,2.16,2021-04-19,China,Hangzhou,Internet software & services,"Coatue Management, Tencent Holdings, Andreessen Horowitz, Alibaba Group",2015,0.767,Series C,12
TechLink,2.54,2021-04-17,United States,Austin,Fintech,"Google Ventures, Benchmark, Tiger Global Management",2010,0.389,Series D,14
MetaCore87,1.45,2021-04-12,Indonesia,Jakarta,Artificial intelligence,"General Atlantic, Index Ventures",2011,0.367,Series E,15
Block Hub,1.34,2021-04-08,Indonesia,Jakarta,Fintech,"Tencent Holdings, New Enterprise Associates",2011,0.233,Series C,3
OmniLink,7.17,2021-04-02,United States,Austin,Internet software & services,Bessemer Venture Partners,2015,1.841,Series E,12
Blockly32,7.56,2021-04-01,Germany,Berlin,Internet software & services,"Y Combinator, Greylock Partners, Benchmark",2017,3.315,Series D,9
Shift Labs1,1.1,2021-03-30,China,Hangzhou,E-commerce & direct-to-consumer,"Kleiner Perkins Caufield & Byers, Accel, Khosla Ventures, Y Combinator",2016,0.431,Series E,8
Pulse Dynamics34,1.44,2021-03-27,United States,Seattle,Artificial intelligence,Accel,2015,0.17,Series D,8
Pulse Labs29,1.0,2021-03-26,United States,Seattle,Fintech,"Coatue Management, DST Global, SoftBank Group",2014,0.267,Private Equity,18
NovaForge,9.87,2021-03-16,United States,Palo Alto,Internet software & services,"Lightspeed Venture Partners, Greylock Partners, Andreessen Horowitz, Founders Fund",2011,3.771,Series D,16
Tech Systems,2.87,2021-03-14,Indonesia,Jakarta,Auto & transportation,"Insight Partners, Thrive Capital, Lightspeed Venture Partners",2017,0.693,Series D,16
Zenith Labs56,1.56,2021-03-14,China,Beijing,Fintech,"Benchmark, Alibaba Group, Andreessen Horowitz, Bessemer Venture Partners",2013,0.313,Pre-IPO,14
DataForge27,7.14,2021-03-07,China,Hangzhou,Fintech,"New Enterprise Associates, Khosla Ventures, Lightspeed Venture Partners",2016,2.606,Series E,5
Pulse Solutions,3.27,2021-03-03,China,Beijing,Fintech,"Insight Partners, New Enterprise Associates, Thrive Capital",2018,1.569,Series C,3
Omni Hub,2.0,2021-03-02,United Kingdom,London,"Supply chain, logistics, & delivery",Coatue Management,2014,0.873,Series E,7
Nova Dynamics58,6.17,2021-02-23,United States,Austin,"Supply chain, logistics, & delivery","Y Combinator, Andreessen Horowitz, New Enterprise Associates, Benchmark",2014,2.402,Series E,16
Shift Networks,2.34,2021-02-23,China,Guangzhou,Internet software & services,"Y Combinator, Tencent Holdings, Greylock Partners, Coatue Management",2017,1.014,Pre-IPO,17
Shift Solutions40,23.97,2021-02-20,United States,Austin,"Supply chain, logistics, & delivery","Bessemer Venture Partners, Khosla Ventures",2017,5.365,Series C,14
Mind Systems,2.57,2021-02-19,United States,Palo Alto,Fintech,"Google Ventures, SoftBank Group, Lightspeed Venture Partners, DST Global",2009,0.33,Series E,4
Metaly30,12.37,2021-02-18,United Kingdom,Cambridge,Internet software & services,"Greylock Partners, Alibaba Group",2010,2.853,Series C,13
Shift AI6,1.14,2021-02-16,Australia,Melbourne,Fintech,"Thrive Capital, Sequoia Capital, DST Global",2014,0.527,Series E,5
AeroVertex94,7.55,2021-02-14,United States,Chicago,Cybersecurity,"Benchmark, Y Combinator, Coatue Management, Sequoia Capital",2010,3.467,Series D,10
Mind Dynamics9,1.3,2021-02-13,United States,Chicago,Cybersecurity,"Khosla Ventures, Tencent Holdings, General Atlantic, Thrive Capital",2014,0.61,Series C,6
Vertex Networks,1.54,2021-02-11,Germany,Berlin,Internet software & services,Accel,2009,0.288,Series D,1
Health Technologies2,15.49,2021-02-11,United States,Austin,Artificial intelligence,"Alibaba Group, Bessemer Venture Partners, Google Ventures",2014,5.026,Pre-IPO,9
MetaMind,1.2,2021-02-06,South Korea,Seoul,Fintech,"Benchmark, Alibaba Group",2012,0.342,Series F,6
CloudSpace,1.35,2021-02-04,United States,Palo Alto,Hardware,"Tencent Holdings, New Enterprise Associates, Y Combinator",2015,0.513,Series D,5
Block Dynamics,2.45,2021-02-02,France,Paris,Health,"Bessemer Venture Partners, Y Combinator, Tiger Global Management, Lightspeed Venture Partners",2012,0.623,Series D,7
NovaBlock16,138.27,2021-01-19,United States,Austin,Internet software & services,"Sequoia Capital, New Enterprise Associates, Tencent Holdings",2012,46.487,Series D,14
CyberForge7,6.64,2021-01-16,Brazil,Sao Paulo,Health,Bessemer Venture Partners,2009,1.829,Series F,4
CyberWave53,2.23,2021-01-16,Brazil,Curitiba,Internet software & services,"Sequoia Capital, Bessemer Venture Partners, Coatue Management",2010,0.388,Series B,5
Shift Systems6,11.22,2021-01-14,Singapore,Singapore,Fintech,"DST Global, Thrive Capital, New Enterprise Associates, Kleiner Perkins Caufield & Byers",2017,1.865,Series E,16
Block AI,2.53,2021-01-05,Canada,Vancouver,Internet software & services,Bessemer Venture Partners,2013,0.841,Series D,14
Nova Solutions,1.58,2021-01-03,Germany,Munich,Other,"SoftBank Group, Tencent Holdings, Coatue Management, Alibaba Group",2013,0.676,Private Equity,7
MetaStream93,28.1,2020-12-26,China,Shanghai,Fintech,"Thrive Capital, Google Ventures",2015,4.371,Series F,11
Data Hub,1.24,2020-12-23,Sweden,Stockholm,Artificial intelligence,"Insight Partners, DST Global",2013,0.483,Series E,11
Aero Labs49,2.19,2020-12-16,India,Mumbai,Auto & transportation,Tiger Global Management,2015,0.597,Private Equity,12
CloudGrid,2.63,2020-12-16,China,Beijing,E-commerce & direct-to-consumer,"Alibaba Group, Greylock Partners, Founders Fund, Thrive Capital",2016,1.165,Series D,14
FinSpace26,1.28,2020-12-09,India,Pune,Data management & analytics,"Accel, Google Ventures, Bessemer Venture Partners, Benchmark",2017,0.398,Series E,17
Meta AI,1.85,2020-12-09,Israel,Jerusalem,Health,"Coatue Management, Tencent Holdings",2008,0.376,Series D,4
FinSpace8,2.28,2020-12-08,Germany,Munich,Cybersecurity,"New Enterprise Associates, Tiger Global Management",2014,0.637,Series B,5
AeroCore4,2.13,2020-12-07,China,Beijing,E-commerce & direct-to-consumer,"Khosla Ventures, Sequoia Capital, Google Ventures, Y Combinator",2012,0.519,Private Equity,4
Health Group98,1.57,2020-12-07,India,Pune,Cybersecurity,Kleiner Perkins Caufield & Byers,2017,0.611,Series D,5
SmartFlow,2.84,2020-12-03,India,Bengaluru,Auto & transportation,"Khosla Ventures, Coatue Management",2015,0.3,Series D,3
Finly63,11.53,2020-12-02,United States,Austin,Hardware,"Founders Fund, Coatue Management, Benchmark, Accel",2015,2.531,Private Equity,9
Grid Dynamics24,1.61,2020-11-25,China,Beijing,Artificial intelligence,Y Combinator,2012,0.763,Series E,3
Link Technologies,23.81,2020-11-22,China,Hangzhou,E-commerce & direct-to-consumer,"Insight Partners, Google Ventures, DST Global",2016,4.64,Private Equity,14
Novaify,2.21,2020-11-22,United States,New York,Fintech,"SoftBank Group, New Enterprise Associates, Index Ventures",2014,0.426,Series D,18
CloudZenith,1.42,2020-11-14,Israel,Jerusalem,E-commerce & direct-to-consumer,"Greylock Partners, Benchmark, Google Ventures, Alibaba Group",2012,0.327,Series D,16
Block Group,2.95,2020-11-13,Germany,Munich,Health,"Founders Fund, New Enterprise Associates, Alibaba Group",2015,0.53,Series C,15
Nex Group98,1.43,2020-11-10,India,Mumbai,Internet software & services,"Accel, New Enterprise Associates, Sequoia Capital",2016,0.672,Pre-IPO,18
MetaVertex,2.6,2020-11-09,United States,Palo Alto,"Supply chain, logistics, & delivery","Bessemer Venture Partners, General Atlantic",2015,0.913,Series C,3
Link Solutions63,2.84,2020-11-05,China,Shanghai,Health,Insight Partners,2015,0.856,Series E,7
Omnily85,4.66,2020-11-01,United Kingdom,London,"Supply chain, logistics, & delivery","Index Ventures, Insight Partners",2015,1.588,Series D,8
Wave Systems91,1.15,2020-10-29,United States,Seattle,Fintech,Google Ventures,2008,0.542,Series D,8
OmniFlow72,2.53,2020-10-27,Brazil,Sao Paulo,"Supply chain, logistics, & delivery","Index Ventures, Benchmark",2011,1.148,Pre-IPO,11
Healthify98,2.7,2020-10-26,India,Gurugram,Cybersecurity,Insight Partners,2009,1.332,Series C,14
SmartVertex13,1.53,2020-10-25,United States,San Francisco,Other,SoftBank Group,2014,0.473,Series D,1
Metaify76,2.64,2020-10-23,India,New Delhi,Internet software & services,"Benchmark, Sequoia Capital",2010,1.264,Series B,13
CloudBlock,7.81,2020-10-21,United States,Los Angeles,Health,Founders Fund,2017,2.682,Series B,15
Omniify94,2.65,2020-10-19,United States,Palo Alto,Internet software & services,"Index Ventures, Benchmark",2017,0.966,Series D,9
CyberGrid6,2.24,2020-10-15,United Kingdom,Cambridge,Health,"Benchmark, Greylock Partners, Alibaba Group, DST Global",2012,0.469,Series E,4
Auto Hub,2.61,2020-10-09,United States,Boston,Fintech,SoftBank Group,2009,0.416,Series E,7
Vertex Technologies51,6.78,2020-10-08,United States,San Francisco,E-commerce & direct-to-consumer,New Enterprise Associates,2012,2.606,Series D,5
Core Technologies29,1.4,2020-10-07,China,Guangzhou,Auto & transportation,"Thrive Capital, SoftBank Group, Greylock Partners, Google Ventures",2008,0.452,Series F,13
Gridly44,2.35,2020-10-05,United States,San Francisco,E-commerce & direct-to-consumer,"Kleiner Perkins Caufield & Byers, Founders Fund, Y Combinator, Insight Partners",2016,0.332,Series F,6
Tech Technologies62,59.57,2020-10-05,China,Hangzhou,Cybersecurity,Alibaba Group,2016,7.634,Series F,3
Pulsely,2.42,2020-09-27,United States,Palo Alto,"Supply chain, logistics, & delivery","Founders Fund, Index Ventures, Khosla Ventures",2010,0.562,Private Equity,17
CyberPulse12,1.2,2020-09-22,United States,New York,Artificial intelligence,"Accel, Khosla Ventures, Index Ventures, Sequoia Capital",2017,0.276,Series E,5
AutoZenith,2.93,2020-09-21,India,Pune,Data management & analytics,"Khosla Ventures, Index Ventures",2011,1.459,Series F,13
Smart Systems65,6.03,2020-09-19,United States,Chicago,Fintech,"Greylock Partners, Google Ventures",2013,2.11,Series F,16
Gridify,7.53,2020-09-16,India,Bengaluru,Fintech,"SoftBank Group, New Enterprise Associates, Thrive Capital",2011,1.609,Pre-IPO,7
Smart Solutions10,2.15,2020-09-16,Germany,Munich,Internet software & services,"Sequoia Capital, Google Ventures, Y Combinator, Index Ventures",2017,0.751,Series F,16
Block Systems75,2.28,2020-09-14,Sweden,Stockholm,Fintech,Thrive Capital,2014,0.658,Series E,11
NexShift90,8.62,2020-09-12,Israel,Jerusalem,Other,Andreessen Horowitz,2012,1.473,Series B,13
Nova Technologies57,3.64,2020-09-10,India,Gurugram,Edtech,Andreessen Horowitz,2010,0.438,Series E,14
Shift Dynamics70,1.19,2020-09-03,China,Guangzhou,Health,"Kleiner Perkins Caufield & Byers, Founders Fund, Coatue Management",2015,0.13,Series D,11
Flow Dynamics18,1.46,2020-08-31,Brazil,Curitiba,Cybersecurity,"Tencent Holdings, Accel",2015,0.358,Series F,5
Shift Systems71,1.85,2020-08-30,India,Mumbai,Artificial intelligence,"Sequoia Capital, Insight Partners",2008,0.712,Pre-IPO,4
Zenith Group12,2.78,2020-08-25,South Korea,Seoul,Artificial intelligence,"Sequoia Capital, Y Combinator, Index Ventures",2014,0.635,Series E,9
Zenith Hub77,1.34,2020-08-22,United States,Austin,Cybersecurity,"New Enterprise Associates, Google Ventures",2014,0.464,Series D,14
Smart Labs62,1.2,2020-08-21,China,Hangzhou,Internet software & services,Tencent Holdings,2015,0.532,Series D,5
Space Networks37,1.64,2020-08-12,United States,Boston,Internet software & services,"Andreessen Horowitz, Insight Partners",2011,0.505,Series F,12
Health Solutions79,2.61,2020-08-11,South Korea,Seoul,Fintech,"Index Ventures, SoftBank Group, Tiger Global Management",2011,0.588,Series E,18
FinShift34,7.09,2020-08-07,China,Shenzhen,Health,"Coatue Management, Thrive Capital, Insight Partners, Y Combinator",2012,3.242,Series D,8
Autoify7,17.7,2020-07-29,Indonesia,Jakarta,Fintech,Thrive Capital,2011,6.999,Series E,6
Cyberify36,2.52,2020-07-28,United Kingdom,Oxford,Hardware,Khosla Ventures,2009,1.195,Series D,10
Nex Technologies55,4.44,2020-07-27,Germany,Munich,Internet software & services,Thrive Capital,2015,0.486,Series B,11
Novaio,1.01,2020-07-18,India,Gurugram,Fintech,"Coatue Management, Accel, Thrive Capital, SoftBank Group",2011,0.335,Series D,17
Smart Group90,7.42,2020-07-17,China,Beijing,Internet software & services,"Insight Partners, Khosla Ventures, Tencent Holdings, Accel",2009,1.45,Series F,17
Nex Labs,2.82,2020-07-15,United States,San Francisco,E-commerce & direct-to-consumer,"Greylock Partners, Coatue Management",2015,0.366,Series D,10
Cyber Group78,1.53,2020-07-14,China,Guangzhou,Artificial intelligence,"Lightspeed Venture Partners, Tencent Holdings, Sequoia Capital",2009,0.51,Pre-IPO,10
Nex Networks12,14.44,2020-07-11,United States,Los Angeles,Consumer & retail,"Sequoia Capital, Greylock Partners, Andreessen Horowitz",2011,4.344,Pre-IPO,10
Data Group18,1.8,2020-07-11,United Kingdom,Cambridge,Cybersecurity,New Enterprise Associates,2008,0.565,Series D,9
Forge Solutions50,7.69,2020-07-06,United States,San Francisco,Cybersecurity,"DST Global, Sequoia Capital, Thrive Capital",2011,2.461,Series C,4
Tech Base95,6.88,2020-07-04,United States,New York,Health,"Google Ventures, General Atlantic, Tiger Global Management, DST Global",2015,1.854,Series F,5
AeroBlock23,2.49,2020-07-03,China,Guangzhou,Internet software & services,"Coatue Management, Google Ventures",2008,1.028,Series D,8
Spacely3,3.72,2020-06-25,India,Gurugram,Other,Kleiner Perkins Caufield & Byers,2011,0.583,Series D,8
Data Technologies,1.55,2020-06-22,United States,San Francisco,Auto & transportation,"Tencent Holdings, Coatue Management, General Atlantic",2015,0.615,Series E,16
Streamly94,1.19,2020-06-20,United States,San Francisco,Health,Index Ventures,2009,0.561,Pre-IPO,1
PayCore30,2.2,2020-06-16,South Korea,Seoul,Internet software & services,"Benchmark, Coatue Management",2011,0.814,Series C,2
Link AI43,2.54,2020-06-16,Germany,Munich,Internet software & services,"Benchmark, Founders Fund",2016,0.958,Series D,16
PayPulse,61.58,2020-06-10,China,Shanghai,Fintech,"New Enterprise Associates, Coatue Management",2012,24.403,Pre-IPO,13
Link Labs92,1.59,2020-06-07,United States,Boston,Auto & transportation,"Bessemer Venture Partners, Index Ventures",2011,0.323,Series E,9
Shift Group,1.82,2020-06-07,United States,Chicago,Other,SoftBank Group,2009,0.662,Series B,2
MetaBlock,8.68,2020-06-06,United Kingdom,Cambridge,Artificial intelligence,"Khosla Ventures, SoftBank Group",2011,3.896,Series C,17
Smartify,3.58,2020-06-03,India,New Delhi,E-commerce & direct-to-consumer,"Y Combinator, SoftBank Group, Kleiner Perkins Caufield & Byers",2017,0.687,Series F,18
Wave Dynamics38,23.0,2020-05-30,China,Beijing,Health,DST Global,2013,6.174,Series F,5
CyberZenith72,25.44,2020-05-30,United Kingdom,Oxford,Hardware,"Tencent Holdings, Sequoia Capital, Thrive Capital",2016,4.78,Series D,15
NexMind29,1.84,2020-05-28,China,Shanghai,Data management & analytics,"Index Ventures, Coatue Management, New Enterprise Associates",2013,0.488,Pre-IPO,5
Cloud Hub,2.4,2020-05-26,Singapore,Singapore,Artificial intelligence,Accel,2008,0.545,Series C,8
Fin Group21,1.87,2020-05-25,United Kingdom,Cambridge,Health,"Kleiner Perkins Caufield & Byers, Khosla Ventures, DST Global",2012,0.708,Series B,15
OmniGrid92,2.01,2020-05-18,United States,Seattle,Consumer & retail,"Index Ventures, Bessemer Venture Partners",2012,0.881,Pre-IPO,4
Bio Networks,2.21,2020-05-16,Germany,Berlin,Cybersecurity,"Y Combinator, Thrive Capital",2009,0.413,Series D,8
Forge Technologies,1.05,2020-05-11,United States,Los Angeles,Internet software & services,"General Atlantic, Greylock Partners, Google Ventures",2011,0.414,Series D,9
NovaFlow,1.88,2020-05-10,United Kingdom,Cambridge,Other,"Insight Partners, Y Combinator, Accel, New Enterprise Associates",2012,0.431,Series D,18
Core Technologies88,3.26,2020-05-09,United States,Austin,Fintech,"New Enterprise Associates, Y Combinator",2014,1.622,Pre-IPO,15
Pulse Hub63,6.77,2020-05-02,India,Bengaluru,Fintech,Thrive Capital,2010,2.497,Series C,12
Dataio86,8.97,2020-04-25,United States,Los Angeles,Internet software & services,Index Ventures,2016,1.796,Private Equity,7
Space AI53,1.12,2020-04-25,United States,Boston,Hardware,"New Enterprise Associates, DST Global, Andreessen Horowitz, Alibaba Group",2011,0.464,Series E,14
SmartMind,1.11,2020-04-22,China,Shenzhen,E-commerce & direct-to-consumer,"SoftBank Group, Sequoia Capital, Benchmark",2011,0.433,Pre-IPO,7
Shift Solutions,3.41,2020-04-18,United States,Palo Alto,Fintech,"Coatue Management, Sequoia Capital",2012,0.827,Series F,17
Smart Group,2.94,2020-04-17,India,Bengaluru,Internet software & services,Alibaba Group,2015,1.119,Series B,4
Vertexly,9.03,2020-04-16,United States,Boston,Fintech,"Founders Fund, Tencent Holdings",2011,2.516,Series D,17
Vertexify,2.25,2020-04-16,United States,Los Angeles,Edtech,SoftBank Group,2015,0.622,Series D,1
Fin Solutions,2.74,2020-04-14,United Kingdom,London,Health,"Founders Fund, Bessemer Venture Partners, Kleiner Perkins Caufield & Byers, Coatue Management",2017,1.015,Private Equity,6
OmniStream,9.3,2020-04-13,Brazil,Sao Paulo,Fintech,Index Ventures,2017,2.424,Series C,8
Nex AI8,2.06,2020-04-11,United States,Boston,Other,"Khosla Ventures, Index Ventures, Y Combinator",2013,0.991,Series D,6
SmartGrid,2.11,2020-04-11,United States,Chicago,Internet software & services,"New Enterprise Associates, Founders Fund, Alibaba Group, Khosla Ventures",2010,0.44,Pre-IPO,12
Aero Technologies,4.52,2020-04-06,South Korea,Seoul,Internet software & services,Tiger Global Management,2008,0.687,Series E,6
Pulse Technologies72,2.12,2020-04-06,United States,Boston,Consumer & retail,"Bessemer Venture Partners, Khosla Ventures, Tiger Global Management, Insight Partners",2016,0.289,Series D,16
Stream Technologies49,1.83,2020-03-31,United States,Boston,E-commerce & direct-to-consumer,"Insight Partners, Founders Fund",2011,0.906,Series D,16
Bio AI53,2.84,2020-03-28,Brazil,Curitiba,Health,"General Atlantic, Thrive Capital, Tencent Holdings",2016,1.056,Series D,4
Aero Technologies21,2.03,2020-03-22,United States,Los Angeles,Internet software & services,"General Atlantic, Lightspeed Venture Partners, DST Global, Index Ventures",2012,0.321,Series D,14
DataStream,1.2,2020-03-19,China,Shanghai,Cybersecurity,"Tiger Global Management, Alibaba Group",2012,0.282,Series F,15
Zenithify,1.72,2020-03-18,United States,Palo Alto,Data management & analytics,"Sequoia Capital, Accel, General Atlantic",2017,0.259,Series C,16
Block Base82,2.07,2020-03-18,United Kingdom,Cambridge,Fintech,"Google Ventures, DST Global",2010,0.444,Series C,16
AeroBlock62,1.1,2020-03-16,United States,San Francisco,Consumer & retail,"Lightspeed Venture Partners, Khosla Ventures, SoftBank Group",2013,0.508,Series C,5
Shiftly7,2.29,2020-03-12,United States,Austin,Consumer & retail,"Tiger Global Management, General Atlantic, Greylock Partners",2017,0.501,Series D,4
Stream AI13,29.94,2020-03-11,United States,Los Angeles,Other,"SoftBank Group, Bessemer Venture Partners, Thrive Capital, Sequoia Capital",2015,6.929,Series C,13
Wave Dynamics80,7.56,2020-03-09,Canada,Montreal,"Supply chain, logistics, & delivery","Coatue Management, Google Ventures, Insight Partners",2013,1.011,Series C,13
Wave Dynamics79,92.91,2020-03-09,India,Mumbai,Fintech,General Atlantic,2011,21.31,Series E,3
NovaWave,1.83,2020-03-07,United States,Palo Alto,Data management & analytics,"Sequoia Capital, General Atlantic",2009,0.867,Series D,15
Mind Group44,1.39,2020-03-05,Indonesia,Jakarta,Fintech,"Greylock Partners, General Atlantic, Khosla Ventures",2013,0.465,Series D,15
Meta AI98,2.61,2020-03-03,Canada,Montreal,"Supply chain, logistics, & delivery",DST Global,2015,1.209,Series D,7
HealthCore35,2.89,2020-02-29,China,Shanghai,Fintech,Tencent Holdings,2016,0.479,Series C,15
Payify85,2.77,2020-02-17,South Korea,Seoul,Other,"Tiger Global Management, Accel, Lightspeed Venture Partners",2014,0.761,Series F,10
Flow Labs44,126.65,2020-02-11,United States,Palo Alto,Data management & analytics,"Index Ventures, Thrive Capital, Khosla Ventures",2008,46.73,Series C,15
Space Hub41,5.1,2020-02-10,Singapore,Singapore,Cybersecurity,"SoftBank Group, Khosla Ventures, Accel, Andreessen Horowitz",2014,2.17,Private Equity,19
NexFlow,7.05,2020-02-09,Canada,Toronto,Internet software & services,"Alibaba Group, Khosla Ventures, Tiger Global Management, New Enterprise Associates",2017,3.341,Series C,6
Grid Solutions,1.95,2020-02-09,United States,Palo Alto,Edtech,"Andreessen Horowitz, Tencent Holdings",2014,0.521,Series B,10
DataStream10,2.56,2020-02-08,India,Gurugram,Internet software & services,Lightspeed Venture Partners,2013,0.423,Private Equity,4
Grid Hub98,5.42,2020-02-05,China,Beijing,Artificial intelligence,"Bessemer Venture Partners, Tiger Global Management, New Enterprise Associates, DST Global",2015,1.128,Series C,5
Nova Systems,2.58,2020-02-03,United States,Boston,Health,"Tiger Global Management, Greylock Partners",2009,0.763,Series E,8
Health Labs,1.33,2020-02-01,Singapore,Singapore,Internet software & services,Sequoia Capital,2011,0.628,Series D,5
Link Dynamics42,1.74,2020-01-31,China,Shanghai,Health,"Index Ventures, Kleiner Perkins Caufield & Byers",2014,0.733,Series E,13
Pay AI,1.62,2020-01-30,India,New Delhi,Health,"Benchmark, Khosla Ventures, Andreessen Horowitz",2012,0.214,Series E,7
Gridly,12.81,2020-01-29,Singapore,Singapore,Internet software & services,"Alibaba Group, Founders Fund",2015,4.541,Private Equity,4
OmniLink19,2.99,2020-01-28,Australia,Sydney,Cybersecurity,"Alibaba Group, Founders Fund, DST Global, Greylock Partners",2010,1.128,Series D,17
Omni Technologies,1.13,2020-01-26,United States,San Francisco,Internet software & services,"Tiger Global Management, Kleiner Perkins Caufield & Byers, Lightspeed Venture Partners",2013,0.415,Series C,9
Smart Dynamics,9.78,2020-01-26,United States,Palo Alto,Health,"Greylock Partners, DST Global",2010,1.814,Series E,14
Meta Technologies41,2.07,2020-01-20,United States,Austin,Health,"Andreessen Horowitz, SoftBank Group, Index Ventures",2015,0.783,Series D,15
BioGrid,3.08,2020-01-18,United States,Chicago,Data management & analytics,"Andreessen Horowitz, Thrive Capital",2016,0.881,Series D,7
CloudSpace6,1.52,2020-01-12,United States,Los Angeles,Artificial intelligence,"Benchmark, Tencent Holdings, Tiger Global Management",2012,0.584,Series E,16
Space AI26,1.88,2020-01-04,United States,Seattle,Cybersecurity,"Insight Partners, Accel",2011,0.8,Series C,8
PayVertex,2.41,2020-01-04,China,Shanghai,Data management & analytics,"Coatue Management, Benchmark, Khosla Ventures",2017,1.07,Series D,5
Pulse Labs56,2.7,2019-12-23,South Korea,Seoul,Consumer & retail,Alibaba Group,2015,0.342,Series B,11
Flow Networks,2.38,2019-12-22,United States,Chicago,Edtech,"Alibaba Group, SoftBank Group, Tencent Holdings, Greylock Partners",2007,0.479,Private Equity,17
Shift Base66,3.61,2019-12-22,United States,Los Angeles,Fintech,"Tiger Global Management, Thrive Capital",2010,1.542,Series C,16
Cyber Solutions,1.9,2019-12-20,United States,Palo Alto,Cybersecurity,"Insight Partners, Tiger Global Management, General Atlantic, Greylock Partners",2014,0.712,Series E,7
HealthCore51,3.13,2019-12-14,United States,Chicago,Auto & transportation,"Coatue Management, Index Ventures, Lightspeed Venture Partners",2008,0.658,Series C,4
Payify,1.68,2019-12-11,France,Paris,Fintech,"Accel, Alibaba Group",2007,0.679,Private Equity,15
Pulse AI73,2.93,2019-12-08,China,Beijing,Data management & analytics,"Accel, Tencent Holdings, Y Combinator",2007,1.359,Private Equity,9
Waveify79,9.38,2019-12-07,United States,Austin,Artificial intelligence,"Tiger Global Management, Insight Partners, Thrive Capital, Y Combinator",2009,1.287,Series D,7
Meta Group,2.88,2019-12-06,United States,Austin,Fintech,"Google Ventures, Founders Fund",2008,0.471,Series D,9
Aeroly,1.75,2019-12-05,Brazil,Curitiba,Fintech,"Tencent Holdings, Google Ventures",2013,0.624,Series D,9
Space Technologies,9.04,2019-11-24,Israel,Jerusalem,E-commerce & direct-to-consumer,"Greylock Partners, Tencent Holdings",2007,4.22,Series C,12
Health Group,1.52,2019-11-20,Israel,Tel Aviv,Internet software & services,"New Enterprise Associates, Khosla Ventures",2016,0.557,Series B,13
Data Dynamics,1.67,2019-11-15,China,Shanghai,E-commerce & direct-to-consumer,"Alibaba Group, Bessemer Venture Partners, Thrive Capital, Khosla Ventures",2016,0.171,Series D,16
Wavely4,2.68,2019-11-08,United Kingdom,Oxford,E-commerce & direct-to-consumer,"Tiger Global Management, Bessemer Venture Partners, Google Ventures",2010,0.442,Series E,5
Grid Technologies88,1.48,2019-11-07,United Kingdom,London,Artificial intelligence,"Index Ventures, Bessemer Venture Partners, Founders Fund, Benchmark",2008,0.226,Series F,8
Wave Base28,1.88,2019-11-05,United States,Seattle,Health,Tiger Global Management,2013,0.309,Series D,16
Link AI,5.12,2019-11-05,United States,Palo Alto,Internet software & services,Insight Partners,2016,0.545,Private Equity,10
DataStream70,2.23,2019-11-02,China,Beijing,Health,"Coatue Management, Founders Fund",2007,0.773,Series F,7
CyberSpace66,1.29,2019-10-25,Indonesia,Jakarta,Health,"Kleiner Perkins Caufield & Byers, General Atlantic, Khosla Ventures",2015,0.269,Series E,12
PayForge59,2.42,2019-10-18,United States,Seattle,Hardware,"Insight Partners, Alibaba Group, Lightspeed Venture Partners",2010,0.601,Series F,18
PayPulse31,2.23,2019-10-12,United States,Chicago,Consumer & retail,"DST Global, Tencent Holdings, Benchmark, New Enterprise Associates",2011,0.423,Private Equity,13
BioBlock33,8.67,2019-10-10,India,Pune,Internet software & services,SoftBank Group,2012,2.838,Pre-IPO,11
Bioio,2.12,2019-10-08,United States,Seattle,Artificial intelligence,"Y Combinator, Google Ventures, Alibaba Group, Lightspeed Venture Partners",2014,0.644,Series C,6
FinStream,2.93,2019-10-08,United States,Palo Alto,Health,"Index Ventures, Benchmark, General Atlantic, SoftBank Group",2015,0.478,Series C,13
AeroSpace51,1.99,2019-09-23,United States,Boston,Other,"Tiger Global Management, Accel",2007,0.673,Series D,13
NexZenith18,1.29,2019-09-23,Israel,Jerusalem,Artificial intelligence,"Insight Partners, Lightspeed Venture Partners",2016,0.514,Pre-IPO,5
Vertex Hub37,2.7,2019-09-21,United States,Seattle,Fintech,"Tencent Holdings, Bessemer Venture Partners, Y Combinator",2009,0.831,Series D,18
Bio Labs82,1.72,2019-09-19,United States,San Francisco,E-commerce & direct-to-consumer,"SoftBank Group, Lightspeed Venture Partners",2010,0.395,Series D,7
Smart Solutions,2.59,2019-09-10,United States,New York,Other,"General Atlantic, New Enterprise Associates, Index Ventures, Sequoia Capital",2008,1.111,Series F,15
HealthPulse,19.31,2019-09-10,United States,San Francisco,Internet software & services,"Andreessen Horowitz, Index Ventures, Thrive Capital",2016,9.602,Series D,12
SmartZenith71,2.93,2019-09-06,India,Pune,Internet software & services,"Khosla Ventures, Tiger Global Management",2009,1.074,Series E,15
Linkify64,2.39,2019-08-27,China,Shanghai,Internet software & services,"Lightspeed Venture Partners, Benchmark",2013,0.378,Pre-IPO,11
Auto AI47,1.48,2019-08-24,Sweden,Stockholm,Internet software & services,"Greylock Partners, Founders Fund, Tiger Global Management, Coatue Management",2013,0.649,Series C,12
Streamly78,1.76,2019-08-18,China,Shanghai,Internet software & services,"Lightspeed Venture Partners, Kleiner Perkins Caufield & Byers, Thrive Capital, Founders Fund",2014,0.505,Series D,15
Link AI1,49.61,2019-08-17,India,Bengaluru,Fintech,"DST Global, Tiger Global Management, Lightspeed Venture Partners",2009,23.121,Series E,8
Nex Base49,1.26,2019-08-09,Singapore,Singapore,Hardware,Tiger Global Management,2015,0.38,Series D,14
HealthPulse22,2.83,2019-08-08,United Kingdom,Cambridge,E-commerce & direct-to-consumer,Benchmark,2008,1.333,Series C,15
Pulse Solutions54,2.96,2019-07-25,United States,Seattle,E-commerce & direct-to-consumer,"Accel, Andreessen Horowitz, Khosla Ventures",2007,1.183,Series D,11
HealthZenith,2.5,2019-07-25,United States,San Francisco,Internet software & services,"Bessemer Venture Partners, Index Ventures, Alibaba Group",2015,0.828,Series E,9
Tech Group16,3.0,2019-07-21,Canada,Toronto,Hardware,"Tiger Global Management, Index Ventures",2011,1.125,Series D,9
Zenithio7,1.86,2019-07-19,Israel,Jerusalem,Artificial intelligence,"Tiger Global Management, Alibaba Group",2014,0.891,Series F,5
OmniForge41,2.95,2019-07-15,China,Shanghai,"Supply chain, logistics, & delivery",Bessemer Venture Partners,2007,0.518,Series D,10
Space Group81,1.84,2019-07-09,China,Beijing,"Supply chain, logistics, & delivery",Bessemer Venture Partners,2009,0.669,Series E,15
Streamly,6.72,2019-07-08,China,Shanghai,Internet software & services,"Kleiner Perkins Caufield & Byers, Thrive Capital",2013,2.204,Series E,7
BioFlow,1.38,2019-06-24,United States,New York,Internet software & services,"Lightspeed Venture Partners, Khosla Ventures, Bessemer Venture Partners, Insight Partners",2010,0.643,Series D,14
MetaLink29,7.66,2019-06-21,United Kingdom,Oxford,"Supply chain, logistics, & delivery",Thrive Capital,2014,3.593,Private Equity,16
Flowly2,2.05,2019-06-18,China,Hangzhou,"Supply chain, logistics, & delivery","Lightspeed Venture Partners, Index Ventures, General Atlantic",2013,0.233,Series C,5
Blockify43,23.12,2019-06-16,China,Hangzhou,Hardware,"Y Combinator, Tencent Holdings, Insight Partners",2016,9.725,Series C,12
CloudFlow76,2.69,2019-06-08,United States,Chicago,Fintech,"Tiger Global Management, Coatue Management, Sequoia Capital, Insight Partners",2007,0.911,Series D,8
Pay Group22,3.45,2019-06-08,China,Beijing,Fintech,DST Global,2007,1.448,Private Equity,8
Auto Systems3,3.43,2019-05-28,China,Guangzhou,Cybersecurity,Thrive Capital,2011,0.474,Series D,1
SmartLink12,5.68,2019-05-20,India,New Delhi,"Supply chain, logistics, & delivery","Greylock Partners, Coatue Management, Tiger Global Management",2013,0.602,Series F,18
CloudBlock39,1.19,2019-05-16,Sweden,Stockholm,Internet software & services,"Accel, Thrive Capital",2007,0.462,Series E,12
Shift Networks81,1.53,2019-05-12,Brazil,Curitiba,Edtech,"Khosla Ventures, Y Combinator",2010,0.579,Pre-IPO,16
Pay Labs54,6.76,2019-05-10,China,Shanghai,Health,Index Ventures,2009,1.945,Series D,9
Metaify,2.74,2019-05-09,India,Pune,Health,DST Global,2015,0.772,Pre-IPO,6
Health Systems,1.58,2019-05-04,Brazil,Curitiba,Health,"Lightspeed Venture Partners, Accel, Index Ventures, General Atlantic",2007,0.634,Series C,11
Health Dynamics75,2.56,2019-05-01,Brazil,Curitiba,Fintech,Tencent Holdings,2010,1.104,Series C,3
Aero Group88,1.08,2019-04-24,United States,Chicago,Edtech,"Andreessen Horowitz, DST Global",2012,0.496,Series E,2
Smart Solutions98,1.13,2019-04-22,Brazil,Curitiba,Artificial intelligence,"Coatue Management, Sequoia Capital, New Enterprise Associates, Tencent Holdings",2015,0.216,Series D,18
NexSpace,17.16,2019-04-22,Brazil,Curitiba,Internet software & services,"Accel, Andreessen Horowitz, New Enterprise Associates",2009,7.965,Series C,18
NovaMind12,1.7,2019-04-18,China,Shenzhen,E-commerce & direct-to-consumer,"General Atlantic, DST Global, Accel",2014,0.319,Series D,9
CloudWave,1.76,2019-04-15,United States,Palo Alto,Artificial intelligence,"New Enterprise Associates, Coatue Management, Thrive Capital, Founders Fund",2012,0.713,Series D,19
Aeroify83,5.95,2019-04-13,United States,San Francisco,Artificial intelligence,"Lightspeed Venture Partners, Sequoia Capital, Coatue Management",2008,1.918,Series E,16
DataShift69,2.89,2019-04-13,France,Paris,Health,"Index Ventures, New Enterprise Associates, Y Combinator, General Atlantic",2015,1.169,Series C,16
HealthVertex,2.63,2019-04-08,Sweden,Stockholm,Auto & transportation,"Alibaba Group, Greylock Partners, Tiger Global Management, Bessemer Venture Partners",2012,1.194,Series D,14
MetaShift9,1.99,2019-04-03,China,Beijing,Artificial intelligence,"Tiger Global Management, Thrive Capital, Khosla Ventures, Benchmark",2016,0.977,Series D,6
Blockify,17.75,2019-03-30,Canada,Montreal,Health,"New Enterprise Associates, Andreessen Horowitz, Sequoia Capital",2012,3.217,Series C,17
Mind Base,1.9,2019-03-15,United States,Los Angeles,Internet software & services,"New Enterprise Associates, Kleiner Perkins Caufield & Byers, Khosla Ventures, Greylock Partners",2008,0.218,Series D,15
AeroSpace86,2.2,2019-03-14,United States,New York,Health,SoftBank Group,2013,0.537,Series C,14
FinGrid,6.83,2019-03-13,Indonesia,Jakarta,Fintech,"Khosla Ventures, Sequoia Capital, Andreessen Horowitz, Coatue Management",2014,2.405,Private Equity,8
Block Labs,8.23,2019-03-12,China,Beijing,Internet software & services,"Thrive Capital, DST Global",2008,3.361,Series D,14
OmniBlock25,1.82,2019-03-08,United States,Boston,Health,Index Ventures,2012,0.353,Series F,15
Block Hub3,1.1,2019-03-07,United States,Austin,Internet software & services,"Greylock Partners, Khosla Ventures",2010,0.352,Series E,5
AutoVertex83,8.64,2019-02-27,United States,Los Angeles,Artificial intelligence,"Sequoia Capital, Khosla Ventures",2010,2.102,Pre-IPO,6
Auto Labs91,2.83,2019-02-24,India,Mumbai,Cybersecurity,"Google Ventures, Index Ventures",2008,0.838,Series D,11
Novaify5,1.01,2019-02-23,United States,Chicago,"Supply chain, logistics, & delivery",Thrive Capital,2011,0.363,Series F,14
Data Group37,7.27,2019-02-22,China,Hangzhou,Fintech,"Coatue Management, Bessemer Venture Partners, Founders Fund, New Enterprise Associates",2010,2.11,Series B,4
Fin Group,2.14,2019-02-22,France,Paris,Consumer & retail,"Bessemer Venture Partners, Google Ventures",2011,0.737,Series D,6
AutoVertex11,2.24,2019-02-20,China,Beijing,E-commerce & direct-to-consumer,"Index Ventures, Lightspeed Venture Partners, Benchmark, Coatue Management",2014,0.342,Series C,9
Gridly43,2.98,2019-02-11,United Kingdom,Oxford,E-commerce & direct-to-consumer,"Tencent Holdings, Kleiner Perkins Caufield & Byers, Benchmark, General Atlantic",2013,1.262,Pre-IPO,14
Block Hub11,6.03,2019-02-04,United States,New York,Artificial intelligence,"Y Combinator, General Atlantic",2012,2.088,Series D,9
AutoSpace65,6.07,2019-01-31,United States,Palo Alto,Consumer & retail,"Thrive Capital, Kleiner Perkins Caufield & Byers, Alibaba Group",2014,1.182,Pre-IPO,15
Cloudify,1.97,2019-01-25,United Kingdom,London,Fintech,Y Combinator,2010,0.715,Series C,9
Blockly27,1.28,2019-01-22,Israel,Tel Aviv,"Supply chain, logistics, & delivery","Greylock Partners, Y Combinator, New Enterprise Associates",2015,0.302,Pre-IPO,18
BioLink,2.05,2019-01-19,Israel,Jerusalem,"Supply chain, logistics, & delivery","Insight Partners, Tencent Holdings, Alibaba Group, Bessemer Venture Partners",2012,0.357,Series E,11
NovaMind81,2.67,2019-01-09,China,Shenzhen,Travel,"Khosla Ventures, Tencent Holdings, Accel, Y Combinator",2008,0.356,Series E,4
SmartWave58,2.73,2019-01-07,Indonesia,Jakarta,Cybersecurity,"General Atlantic, Accel, DST Global, Lightspeed Venture Partners",2009,1.261,Pre-IPO,4
Omni AI73,1.02,2018-12-31,China,Guangzhou,Fintech,"Accel, Benchmark, Insight Partners, Tencent Holdings",2013,0.259,Series E,17
CyberStream,1.36,2018-12-30,United States,Austin,E-commerce & direct-to-consumer,"Sequoia Capital, New Enterprise Associates",2006,0.477,Series B,4
Bio Solutions46,1.86,2018-12-25,United States,Boston,E-commerce & direct-to-consumer,"Y Combinator, SoftBank Group, DST Global, Coatue Management",2008,0.502,Pre-IPO,8
Stream Base65,2.51,2018-12-24,Germany,Munich,Data management & analytics,"Tiger Global Management, New Enterprise Associates",2013,0.854,Series E,17
Tech Labs11,1.36,2018-12-21,United Kingdom,London,E-commerce & direct-to-consumer,"Greylock Partners, Khosla Ventures, DST Global",2013,0.248,Series C,11
Link Hub35,1.79,2018-12-19,United Kingdom,Cambridge,Other,"Y Combinator, Kleiner Perkins Caufield & Byers, Benchmark",2009,0.299,Pre-IPO,3
Cyber Base61,2.01,2018-12-11,China,Beijing,Internet software & services,"Alibaba Group, Khosla Ventures, Greylock Partners",2010,0.707,Series D,10
Smart Base49,1.38,2018-12-03,Sweden,Stockholm,Fintech,"Lightspeed Venture Partners, SoftBank Group",2013,0.163,Pre-IPO,5
PayMind84,3.55,2018-11-29,United States,Seattle,Internet software & services,"Kleiner Perkins Caufield & Byers, New Enterprise Associates, DST Global",2015,1.681,Series D,18
Tech Solutions,1.06,2018-11-27,United States,Seattle,E-commerce & direct-to-consumer,DST Global,2007,0.258,Series D,8
Cyber Technologies41,2.59,2018-11-27,United States,Seattle,Fintech,"Khosla Ventures, Alibaba Group, Tiger Global Management, Y Combinator",2015,0.893,Series D,16
DataZenith88,21.99,2018-11-26,Japan,Tokyo,Fintech,"Khosla Ventures, Accel, Kleiner Perkins Caufield & Byers, Tencent Holdings",2008,2.466,Series F,5
Streamify96,2.35,2018-11-25,China,Guangzhou,Internet software & services,"Google Ventures, Tiger Global Management, Greylock Partners, General Atlantic",2007,0.349,Series C,4
Pulseio33,1.61,2018-11-23,United States,Seattle,Internet software & services,"New Enterprise Associates, Bessemer Venture Partners, DST Global, Tiger Global Management",2010,0.249,Series D,19
Zenith AI10,2.77,2018-11-22,China,Beijing,E-commerce & direct-to-consumer,Sequoia Capital,2011,1.308,Series C,10
Forge Group31,1.08,2018-11-20,United States,Chicago,Artificial intelligence,"Google Ventures, Index Ventures",2014,0.249,Series D,16
MetaLink77,1.01,2018-11-19,United States,Chicago,Internet software & services,"Greylock Partners, New Enterprise Associates",2009,0.26,Pre-IPO,7
Health AI,1.14,2018-11-14,United States,Palo Alto,Internet software & services,"Tiger Global Management, Benchmark, Coatue Management, Andreessen Horowitz",2010,0.368,Series C,17
Pulse Dynamics,1.21,2018-11-13,United States,Chicago,Hardware,"Khosla Ventures, Thrive Capital, Greylock Partners, SoftBank Group",2013,0.505,Series E,16
CyberVertex60,1.35,2018-11-12,United States,Seattle,E-commerce & direct-to-consumer,"Insight Partners, Bessemer Venture Partners",2010,0.234,Series B,17
Shift Base25,5.2,2018-11-10,United States,Chicago,Auto & transportation,General Atlantic,2012,2.137,Series C,13
Grid Systems,2.67,2018-11-03,Sweden,Stockholm,Artificial intelligence,"Insight Partners, Greylock Partners, Y Combinator",2006,0.966,Series D,17
Space Base,1.96,2018-11-01,India,Mumbai,E-commerce & direct-to-consumer,Thrive Capital,2009,0.605,Series C,12
Fin Technologies85,2.55,2018-10-12,United Kingdom,Oxford,Fintech,"SoftBank Group, Thrive Capital, General Atlantic, Google Ventures",2006,0.408,Series D,6
AutoVertex55,2.91,2018-10-11,China,Guangzhou,E-commerce & direct-to-consumer,"Benchmark, New Enterprise Associates, General Atlantic, Index Ventures",2013,0.452,Series E,14
AutoSpace,1.49,2018-10-02,China,Shanghai,"Supply chain, logistics, & delivery","Coatue Management, Tiger Global Management, Benchmark",2010,0.204,Pre-IPO,9
SmartCore,1.4,2018-09-29,United Kingdom,Cambridge,Fintech,"Index Ventures, Coatue Management, Andreessen Horowitz",2014,0.505,Series B,10
Novaify92,149.03,2018-09-20,Indonesia,Jakarta,"Supply chain, logistics, & delivery","Bessemer Venture Partners, Khosla Ventures, Y Combinator, Coatue Management",2009,60.603,Series E,16
Bioio24,1.18,2018-09-16,United States,Seattle,Other,"Thrive Capital, Accel, Andreessen Horowitz, Bessemer Venture Partners",2010,0.204,Pre-IPO,5
Pay Group63,1.87,2018-09-01,India,Mumbai,Hardware,"Accel, Google Ventures, Alibaba Group, Tencent Holdings",2008,0.725,Series E,15
Wavely19,2.68,2018-08-26,United Kingdom,Oxford,Health,"Andreessen Horowitz, DST Global",2011,0.71,Series D,12
SmartShift68,1.97,2018-08-25,Australia,Melbourne,Artificial intelligence,Thrive Capital,2014,0.467,Series E,10
Linkly16,1.1,2018-08-22,United States,Chicago,Internet software & services,Lightspeed Venture Partners,2011,0.516,Series C,9
Pay Technologies49,2.19,2018-08-20,United States,Chicago,Data management & analytics,General Atlantic,2008,0.461,Series E,15
Mind Solutions4,2.7,2018-08-15,United States,San Francisco,Other,Tencent Holdings,2011,0.672,Series E,8
Auto Labs,1.2,2018-08-09,Sweden,Stockholm,Health,"Tiger Global Management, Index Ventures, Andreessen Horowitz",2014,0.131,Series F,13
Meta Technologies50,2.82,2018-07-30,United States,Los Angeles,Internet software & services,"General Atlantic, Bessemer Venture Partners",2006,0.705,Series E,5
Tech Technologies,2.83,2018-07-27,France,Paris,Fintech,"New Enterprise Associates, General Atlantic, Benchmark, Tencent Holdings",2007,0.483,Series E,18
Fin Base21,1.78,2018-07-26,United States,Palo Alto,Internet software & services,"Alibaba Group, Tiger Global Management",2012,0.864,Series D,10
Dataly,2.59,2018-07-16,United States,New York,Data management & analytics,"General Atlantic, Greylock Partners",2009,0.726,Series B,14
Mind Solutions,4.08,2018-07-15,United States,Boston,Artificial intelligence,"Sequoia Capital, Tiger Global Management",2015,0.643,Series D,17
Smart AI,1.16,2018-07-13,France,Paris,Travel,"New Enterprise Associates, Tiger Global Management",2013,0.117,Private Equity,16
Nex Hub27,9.54,2018-06-25,China,Shanghai,Data management & analytics,Accel,2008,3.73,Series E,10
Mindly98,1.17,2018-06-24,France,Paris,Fintech,"Thrive Capital, Y Combinator, General Atlantic, Accel",2006,0.431,Series D,8
Healthify62,9.37,2018-06-20,Germany,Berlin,Fintech,Thrive Capital,2010,4.355,Series F,13
NexCore11,1.19,2018-06-20,China,Guangzhou,Internet software & services,Y Combinator,2013,0.344,Series F,11
Nex Base63,1.02,2018-06-16,United Kingdom,Oxford,Internet software & services,"Andreessen Horowitz, Khosla Ventures, Benchmark, Tencent Holdings",2012,0.131,Series D,7
Bio Group50,2.73,2018-06-15,United States,Austin,Artificial intelligence,"Andreessen Horowitz, Lightspeed Venture Partners, Insight Partners, Google Ventures",2013,0.994,Pre-IPO,5
Waveify,1.68,2018-06-06,United States,San Francisco,E-commerce & direct-to-consumer,"DST Global, Index Ventures, Tiger Global Management, Greylock Partners",2012,0.583,Series F,9
DataSpace,1.3,2018-06-05,India,Gurugram,Internet software & services,"Tiger Global Management, Andreessen Horowitz",2013,0.542,Series C,11
Pay Technologies14,1.71,2018-05-29,China,Hangzhou,Other,"Insight Partners, Kleiner Perkins Caufield & Byers, Lightspeed Venture Partners, Greylock Partners",2014,0.692,Pre-IPO,14
SmartZenith57,1.81,2018-05-27,United States,Austin,Other,"Tiger Global Management, DST Global",2010,0.311,Series D,17
Data Solutions,8.07,2018-05-23,United States,Palo Alto,Hardware,"Tiger Global Management, Insight Partners",2010,3.442,Series D,2
Omni Systems1,2.42,2018-05-17,United States,Seattle,Fintech,"Bessemer Venture Partners, Tiger Global Management",2015,0.973,Series E,6
Block Group6,2.93,2018-05-16,France,Paris,Other,"Tiger Global Management, Alibaba Group",2013,0.895,Series C,3
Auto Dynamics,12.37,2018-05-13,Singapore,Singapore,Internet software & services,"Sequoia Capital, Founders Fund",2009,5.993,Series C,11
NexShift,1.03,2018-04-30,Israel,Tel Aviv,E-commerce & direct-to-consumer,"Andreessen Horowitz, Alibaba Group, DST Global, Coatue Management",2007,0.193,Pre-IPO,5
Vertexio,2.53,2018-04-30,India,Bengaluru,Other,"Bessemer Venture Partners, Greylock Partners",2009,0.661,Series C,17
Healthify66,3.79,2018-04-28,India,Gurugram,Data management & analytics,Index Ventures,2013,0.863,Series B,8
CloudMind42,2.88,2018-04-27,United States,New York,Health,Insight Partners,2012,1.154,Series E,8
Tech Networks66,1.65,2018-04-25,United Kingdom,Oxford,Hardware,"Bessemer Venture Partners, Insight Partners",2007,0.426,Series E,15
Wave Hub,2.32,2018-04-23,United States,Seattle,Hardware,Lightspeed Venture Partners,2014,0.585,Private Equity,15
DataCore26,2.18,2018-04-09,United Kingdom,Oxford,E-commerce & direct-to-consumer,"Index Ventures, Y Combinator, Sequoia Capital, Greylock Partners",2014,0.846,Series D,18
Grid Labs6,17.09,2018-04-08,India,Mumbai,E-commerce & direct-to-consumer,"Benchmark, General Atlantic, Sequoia Capital, Accel",2010,5.131,Series B,10
AutoForge36,2.83,2018-04-02,United States,San Francisco,E-commerce & direct-to-consumer,"SoftBank Group, Greylock Partners, Tencent Holdings, Y Combinator",2006,0.943,Pre-IPO,7
Bio Labs38,1.81,2018-03-30,United States,New York,Artificial intelligence,Index Ventures,2012,0.661,Series D,14
Zenithify65,1.11,2018-03-23,United States,Boston,Data management & analytics,"Andreessen Horowitz, DST Global",2013,0.487,Series D,9
Fin Technologies55,1.43,2018-03-15,United States,Boston,Health,"General Atlantic, Benchmark, Tencent Holdings",2015,0.494,Series C,10
CloudVertex,2.06,2018-03-11,China,Guangzhou,E-commerce & direct-to-consumer,"Benchmark, Bessemer Venture Partners, Kleiner Perkins Caufield & Byers",2009,0.89,Series C,17
NexStream,2.24,2018-03-09,India,Gurugram,Other,SoftBank Group,2008,0.402,Series E,7
SmartGrid25,1.14,2018-03-02,United Kingdom,London,Internet software & services,"Coatue Management, Google Ventures, SoftBank Group, Kleiner Perkins Caufield & Byers",2013,0.445,Series F,4
Pay Labs47,6.01,2018-02-27,United States,Chicago,Internet software & services,Greylock Partners,2008,0.682,Series D,14
Mind Dynamics82,1.62,2018-02-26,France,Paris,Artificial intelligence,"New Enterprise Associates, Lightspeed Venture Partners, Tiger Global Management, Benchmark",2011,0.399,Private Equity,12
Forge Base,2.19,2018-02-22,United States,Boston,"Supply chain, logistics, & delivery","Accel, Khosla Ventures",2006,0.928,Series C,7
Mindify46,7.96,2018-02-20,China,Beijing,Fintech,"Index Ventures, Andreessen Horowitz",2013,2.052,Private Equity,12
Cyber Dynamics66,3.19,2018-02-19,Australia,Sydney,Fintech,"Sequoia Capital, DST Global",2015,0.791,Series D,11
Wave Systems84,1.04,2018-02-19,United States,San Francisco,E-commerce & direct-to-consumer,"Tencent Holdings, Coatue Management, Accel, Bessemer Venture Partners",2015,0.197,Series F,13
Linkio45,1.87,2018-02-16,China,Beijing,Fintech,"Google Ventures, Kleiner Perkins Caufield & Byers",2012,0.293,Series F,9
Waveify36,20.65,2018-02-16,United States,Chicago,Hardware,Google Ventures,2012,4.83,Series C,1
Shiftify79,1.76,2018-02-14,China,Beijing,Artificial intelligence,Coatue Management,2008,0.524,Private Equity,16
Cyber Group69,6.89,2018-02-12,Brazil,Curitiba,Fintech,"Greylock Partners, Founders Fund",2012,1.821,Series C,6
Nexly,1.32,2018-02-02,United States,Austin,Internet software & services,Google Ventures,2009,0.447,Series C,15
Space Solutions72,1.13,2018-01-29,Brazil,Sao Paulo,Internet software & services,"SoftBank Group, New Enterprise Associates, Andreessen Horowitz, Lightspeed Venture Partners",2012,0.18,Series D,8
Nova Technologies,7.53,2018-01-26,United States,Palo Alto,Internet software & services,"Index Ventures, Benchmark",2013,3.715,Series C,4
Grid Networks2,2.79,2018-01-21,Germany,Berlin,E-commerce & direct-to-consumer,Thrive Capital,2006,0.967,Series C,11
NovaCore,1.82,2018-01-15,China,Beijing,Fintech,General Atlantic,2010,0.191,Series E,8
Nova Systems18,2.58,2018-01-12,India,Mumbai,Auto & transportation,"New Enterprise Associates, SoftBank Group",2015,0.927,Series C,13
Link Hub18,2.22,2018-01-09,United States,Chicago,Fintech,Coatue Management,2015,0.954,Series D,8
HealthForge8,1.57,2018-01-07,China,Shenzhen,Data management & analytics,"Coatue Management, Andreessen Horowitz, Benchmark",2009,0.403,Series D,9
HealthBlock,1.81,2017-12-31,United States,Boston,Cybersecurity,"Tencent Holdings, Bessemer Venture Partners, New Enterprise Associates, Sequoia Capital",2008,0.61,Series D,4
Cloud Solutions38,3.0,2017-12-25,China,Beijing,Health,"Thrive Capital, Index Ventures, Accel, Khosla Ventures",2007,1.33,Series D,4
Cloud Dynamics,1.25,2017-12-25,United States,Palo Alto,Consumer & retail,Sequoia Capital,2010,0.357,Private Equity,14
DataWave26,1.62,2017-12-22,Germany,Berlin,Internet software & services,DST Global,2008,0.686,Series E,11
Wave AI,2.41,2017-12-20,United States,New York,Fintech,New Enterprise Associates,2012,0.594,Series E,7
Core Base,25.29,2017-12-06,Indonesia,Jakarta,Other,"Google Ventures, Andreessen Horowitz",2013,2.672,Pre-IPO,5
AeroGrid,1.67,2017-12-04,United States,Los Angeles,Internet software & services,"Accel, DST Global, Insight Partners",2009,0.7,Series F,13
Corely33,2.5,2017-12-04,Germany,Munich,Internet software & services,"New Enterprise Associates, Tiger Global Management",2005,1.007,Series C,10
Healthio54,1.81,2017-12-02,India,Gurugram,Internet software & services,"Andreessen Horowitz, Greylock Partners, Benchmark, Insight Partners",2005,0.578,Series C,12
Forgely73,2.66,2017-12-02,France,Paris,E-commerce & direct-to-consumer,"Accel, Founders Fund",2006,0.736,Series C,8
Smart Systems32,2.27,2017-12-01,United States,New York,Fintech,"Kleiner Perkins Caufield & Byers, General Atlantic, Tencent Holdings",2008,0.57,Series D,6
NexForge,2.47,2017-11-29,United States,Los Angeles,Fintech,"Benchmark, Alibaba Group, Index Ventures, DST Global",2006,0.355,Series E,6
Aero Technologies12,1.75,2017-11-27,United States,Palo Alto,Internet software & services,"Benchmark, New Enterprise Associates, DST Global",2009,0.738,Pre-IPO,4
HealthBlock67,1.09,2017-11-19,United States,San Francisco,Artificial intelligence,"DST Global, Thrive Capital",2012,0.427,Pre-IPO,4
Pay Solutions,6.52,2017-11-13,Israel,Jerusalem,Fintech,"Kleiner Perkins Caufield & Byers, Khosla Ventures, Lightspeed Venture Partners, Index Ventures",2013,3.123,Series C,17
Omni Group84,2.02,2017-11-13,Indonesia,Jakarta,Internet software & services,"Benchmark, Alibaba Group",2011,0.344,Series D,8
Aeroly91,2.3,2017-11-12,United States,Los Angeles,E-commerce & direct-to-consumer,SoftBank Group,2008,0.773,Series D,9
Health Technologies,29.69,2017-11-12,United States,Los Angeles,Fintech,"Google Ventures, Kleiner Perkins Caufield & Byers, Greylock Partners",2012,12.67,Pre-IPO,7
Bioly74,1.42,2017-11-10,Singapore,Singapore,Health,Greylock Partners,2013,0.336,Series F,15
Smart AI90,1.9,2017-11-05,United States,Austin,Hardware,"Andreessen Horowitz, General Atlantic, Thrive Capital",2007,0.691,Series D,13
Omni Dynamics,2.88,2017-11-04,India,New Delhi,Fintech,"Alibaba Group, Y Combinator, Khosla Ventures, SoftBank Group",2008,0.442,Series D,19
Flow Base1,2.69,2017-11-04,South Korea,Seoul,Internet software & services,Khosla Ventures,2012,0.279,Series C,15
Pay Group57,1.87,2017-11-03,India,Mumbai,Data management & analytics,New Enterprise Associates,2007,0.605,Series D,2
DataWave,7.67,2017-10-30,Singapore,Singapore,Internet software & services,"Y Combinator, Lightspeed Venture Partners",2013,0.88,Series E,6
BioStream,2.81,2017-10-24,United States,Austin,Internet software & services,"Index Ventures, Tiger Global Management, Khosla Ventures",2013,1.072,Pre-IPO,10
NovaVertex14,108.83,2017-10-20,Sweden,Stockholm,E-commerce & direct-to-consumer,"Greylock Partners, Tiger Global Management",2014,43.265,Series E,9
PayWave43,24.4,2017-10-15,India,Mumbai,Internet software & services,"Kleiner Perkins Caufield & Byers, Khosla Ventures",2007,2.536,Series C,15
Gridify29,4.25,2017-10-12,United States,Palo Alto,Data management & analytics,"Alibaba Group, Founders Fund, Kleiner Perkins Caufield & Byers",2014,1.463,Series D,15
OmniStream62,1.96,2017-10-11,United States,Boston,Internet software & services,"Sequoia Capital, Lightspeed Venture Partners, Andreessen Horowitz, Tencent Holdings",2005,0.66,Series D,8
AeroBlock24,2.85,2017-10-03,India,Pune,Cybersecurity,"Tencent Holdings, Khosla Ventures, Founders Fund",2005,1.374,Series E,14
CloudStream12,2.58,2017-09-22,China,Hangzhou,Fintech,"Founders Fund, Sequoia Capital",2005,0.944,Series E,6
TechPulse19,10.93,2017-09-19,United Kingdom,Cambridge,Artificial intelligence,"Accel, SoftBank Group",2014,2.617,Series E,9
HealthStream,2.22,2017-09-18,United States,Palo Alto,E-commerce & direct-to-consumer,"General Atlantic, Insight Partners",2014,0.296,Series D,16
DataStream58,1.65,2017-09-14,China,Hangzhou,Artificial intelligence,"Y Combinator, Sequoia Capital",2010,0.177,Series E,2
FinVertex,2.33,2017-09-10,United States,New York,Hardware,"Google Ventures, Founders Fund",2007,0.915,Series D,10
BioSpace86,6.47,2017-08-18,United States,Seattle,Fintech,"Y Combinator, Benchmark, Index Ventures, Tiger Global Management",2008,2.759,Series D,16
Flow Solutions,2.75,2017-08-15,United Kingdom,Cambridge,Hardware,DST Global,2009,0.649,Series D,14
Wave Systems69,9.42,2017-08-05,India,Bengaluru,Artificial intelligence,"Y Combinator, Google Ventures",2009,4.466,Series C,7
PayShift74,2.26,2017-08-01,China,Hangzhou,Fintech,"Tiger Global Management, Coatue Management, Google Ventures, Kleiner Perkins Caufield & Byers",2010,0.854,Series E,15
Zenith Hub36,12.06,2017-07-26,United States,Seattle,Hardware,"Insight Partners, DST Global",2008,5.465,Series E,15
Space Group,1.87,2017-07-21,United States,Boston,Auto & transportation,"DST Global, Alibaba Group, Insight Partners",2012,0.896,Series C,15
MetaWave,1.95,2017-07-18,United States,New York,Internet software & services,"Founders Fund, Tencent Holdings, Coatue Management",2013,0.269,Series E,8
BioVertex69,2.47,2017-07-05,United States,Los Angeles,Internet software & services,Benchmark,2007,1.137,Series E,13
Cloud AI14,2.56,2017-06-18,United Kingdom,London,"Supply chain, logistics, & delivery","Tencent Holdings, Greylock Partners, Google Ventures",2005,0.829,Series C,4
Zenith Base,2.44,2017-06-15,Canada,Montreal,Fintech,"Greylock Partners, SoftBank Group",2011,0.535,Series D,3
Pulsely14,2.95,2017-06-05,United Kingdom,Cambridge,Internet software & services,"Lightspeed Venture Partners, Insight Partners",2011,0.733,Series B,3
CyberWave,48.59,2017-06-03,United States,Seattle,Fintech,Kleiner Perkins Caufield & Byers,2006,21.09,Series D,2
Fin Hub,1.71,2017-06-02,United Kingdom,Cambridge,Health,"Sequoia Capital, SoftBank Group",2005,0.186,Series F,10
Meta Hub,2.31,2017-05-27,United Kingdom,Oxford,Fintech,"Greylock Partners, Benchmark",2011,0.613,Series E,16
Pay Group,1.28,2017-05-20,United Kingdom,Cambridge,Internet software & services,"Tiger Global Management, DST Global",2009,0.595,Pre-IPO,8
OmniPulse55,2.92,2017-05-15,India,Pune,Artificial intelligence,"Sequoia Capital, Accel",2010,0.778,Series E,17
CloudMind20,9.59,2017-05-07,China,Shenzhen,Artificial intelligence,"Bessemer Venture Partners, Tiger Global Management",2006,4.092,Series D,16
Health Base95,2.58,2017-05-04,India,Pune,Data management & analytics,"DST Global, Y Combinator, Tencent Holdings, General Atlantic",2014,0.967,Series E,8
TechBlock,1.74,2017-04-21,United Kingdom,London,Cybersecurity,Index Ventures,2013,0.705,Series E,9
Nex Technologies75,2.34,2017-04-12,China,Shanghai,Fintech,Lightspeed Venture Partners,2011,0.931,Series C,3
Cloud Networks,1.78,2017-04-12,United States,Los Angeles,Fintech,"Greylock Partners, Khosla Ventures, New Enterprise Associates",2007,0.288,Series E,12
Auto Group,1.29,2017-04-10,United States,Palo Alto,Edtech,Greylock Partners,2009,0.23,Series C,7
Waveify56,2.12,2017-04-07,Canada,Toronto,Other,"Andreessen Horowitz, Greylock Partners",2010,0.732,Series D,9
Cloud AI40,2.42,2017-04-04,South Korea,Seoul,Hardware,"Bessemer Venture Partners, Y Combinator",2010,0.811,Series D,16
Nexio,2.42,2017-04-04,United Kingdom,Cambridge,Internet software & services,"Index Ventures, Benchmark, Coatue Management",2012,0.356,Pre-IPO,7
Blockify42,2.99,2017-04-03,United States,Seattle,Internet software & services,Thrive Capital,2006,0.857,Private Equity,12
MetaBlock45,4.5,2017-04-01,Canada,Montreal,Internet software & services,"Google Ventures, Alibaba Group",2012,2.13,Series C,2
Autoly57,2.15,2017-03-27,South Korea,Seoul,Data management & analytics,"Khosla Ventures, Sequoia Capital, Tencent Holdings",2013,0.964,Private Equity,13
Healthly41,17.13,2017-03-18,France,Paris,Consumer & retail,"Index Ventures, Tiger Global Management",2009,5.983,Series D,12
BioVertex,2.78,2017-03-17,United States,Austin,Fintech,"DST Global, Lightspeed Venture Partners",2010,0.763,Series C,2
Nex Dynamics74,8.02,2017-03-16,China,Beijing,Internet software & services,"DST Global, Tiger Global Management",2010,3.472,Series D,16
Bio Labs37,1.59,2017-03-13,France,Paris,E-commerce & direct-to-consumer,Insight Partners,2010,0.684,Series C,4
Data Networks,1.15,2017-03-10,India,Pune,Health,"Founders Fund, Sequoia Capital, Coatue Management, General Atlantic",2007,0.341,Series D,15
Auto AI,1.26,2017-03-06,India,Gurugram,Fintech,Lightspeed Venture Partners,2009,0.27,Series C,15
Pulse Group,2.67,2017-03-02,United States,Chicago,Internet software & services,"Tiger Global Management, Khosla Ventures",2011,1.301,Series D,14
AeroFlow98,2.04,2017-02-27,China,Beijing,Artificial intelligence,"Alibaba Group, Y Combinator",2009,0.786,Series F,11
Aeroly31,4.76,2017-02-21,South Korea,Seoul,Fintech,"Coatue Management, DST Global",2006,0.482,Series D,2
Omni Networks,2.2,2017-02-17,Japan,Tokyo,Internet software & services,"Founders Fund, SoftBank Group, Tiger Global Management",2009,0.802,Pre-IPO,12
Core Labs,2.81,2017-02-17,United States,San Francisco,Cybersecurity,"Insight Partners, Tencent Holdings, New Enterprise Associates",2005,0.874,Series B,6
Omni Technologies12,2.25,2017-02-16,Indonesia,Jakarta,"Supply chain, logistics, & delivery","Coatue Management, New Enterprise Associates, Tiger Global Management, Founders Fund",2007,0.373,Series C,12
Aero Systems,3.0,2017-02-15,United States,Palo Alto,Internet software & services,Tencent Holdings,2013,0.842,Series D,15
PayPulse54,27.69,2017-02-15,China,Hangzhou,Edtech,"Alibaba Group, New Enterprise Associates, Google Ventures, SoftBank Group",2007,11.505,Series D,11
Cyberify,1.28,2017-02-05,United States,Palo Alto,E-commerce & direct-to-consumer,"Tiger Global Management, Accel",2005,0.409,Series D,8
CloudPulse12,9.52,2017-01-29,United States,New York,Other,"SoftBank Group, General Atlantic, Founders Fund",2009,4.335,Series C,8
FinFlow78,1.54,2017-01-23,China,Guangzhou,Health,Thrive Capital,2006,0.405,Series D,11
Block Technologies24,1.93,2017-01-22,United States,Chicago,Fintech,"Y Combinator, Google Ventures, Thrive Capital",2005,0.889,Series C,13
Stream Hub28,1.07,2017-01-21,United Kingdom,London,Internet software & services,"SoftBank Group, Bessemer Venture Partners, Greylock Partners",2013,0.159,Pre-IPO,12
Auto Labs20,1.24,2017-01-18,United States,Austin,Hardware,Coatue Management,2007,0.21,Series F,7
Healthio,1.15,2017-01-15,United States,Austin,Artificial intelligence,"Accel, DST Global",2012,0.459,Series C,11
Autoio,1.61,2017-01-15,United States,Chicago,Edtech,"Index Ventures, DST Global, Sequoia Capital",2012,0.253,Series E,16
BioLink13,2.17,2017-01-14,India,New Delhi,Artificial intelligence,"Thrive Capital, Y Combinator",2011,0.668,Pre-IPO,7
FinLink,2.83,2017-01-10,United States,Chicago,Fintech,"Coatue Management, DST Global",2008,1.284,Series D,16
Auto Solutions,1.54,2017-01-06,Israel,Jerusalem,Travel,"Accel, Tiger Global Management",2010,0.532,Series B,12
Meta Group24,3.0,2017-01-04,United States,Austin,Internet software & services,"Y Combinator, Tencent Holdings, SoftBank Group",2009,0.376,Series C,8
Nex Systems90,2.64,2017-01-01,United States,Palo Alto,Auto & transportation,"Khosla Ventures, SoftBank Group, Kleiner Perkins Caufield & Byers, Bessemer Venture Partners",2012,0.463,Series F,8
AutoMind22,1.68,2016-12-28,Canada,Vancouver,Internet software & services,"Lightspeed Venture Partners, Greylock Partners, New Enterprise Associates, SoftBank Group",2005,0.287,Series C,14
Data Group,2.46,2016-12-24,Brazil,Curitiba,Internet software & services,"Bessemer Venture Partners, Kleiner Perkins Caufield & Byers, SoftBank Group, Google Ventures",2004,0.433,Series D,5
OmniForge65,24.25,2016-12-24,United States,Los Angeles,E-commerce & direct-to-consumer,"Greylock Partners, Benchmark, Sequoia Capital",2005,2.681,Series E,16
MetaShift,7.17,2016-12-21,Germany,Munich,Fintech,"Tencent Holdings, New Enterprise Associates",2009,3.007,Series E,5
CloudForge,2.69,2016-12-18,Germany,Berlin,Internet software & services,Greylock Partners,2013,0.919,Series D,8
Link Dynamics,3.08,2016-12-15,United States,New York,Internet software & services,"Coatue Management, Founders Fund, SoftBank Group",2009,0.844,Series E,17
Wave Group50,2.08,2016-12-13,China,Hangzhou,Fintech,"Khosla Ventures, Tiger Global Management",2005,0.828,Series E,13
Stream Group,1.56,2016-12-12,France,Paris,Fintech,"Alibaba Group, Y Combinator",2006,0.195,Series E,16
Forge Dynamics9,2.3,2016-12-10,Germany,Munich,Auto & transportation,DST Global,2004,1.094,Series E,12
Shift Solutions71,1.39,2016-12-07,United States,Boston,E-commerce & direct-to-consumer,"SoftBank Group, Sequoia Capital, Thrive Capital",2011,0.35,Series F,6
Meta Networks87,2.85,2016-12-04,United States,Los Angeles,Health,"Coatue Management, Thrive Capital, New Enterprise Associates",2011,0.506,Series D,6
Forge Technologies59,1.06,2016-12-03,United States,New York,Hardware,"General Atlantic, New Enterprise Associates",2011,0.436,Series F,12
TechMind,23.49,2016-11-27,United States,Seattle,Fintech,Insight Partners,2010,4.253,Series D,8
Tech Networks64,2.61,2016-11-27,United States,Los Angeles,"Supply chain, logistics, & delivery","New Enterprise Associates, Greylock Partners",2007,0.271,Series D,5
Waveify76,1.19,2016-11-25,Indonesia,Jakarta,Cybersecurity,"Kleiner Perkins Caufield & Byers, Sequoia Capital, Bessemer Venture Partners",2009,0.135,Series E,11
Wave Networks,2.22,2016-11-24,United Kingdom,Cambridge,Artificial intelligence,Khosla Ventures,2011,0.683,Series B,11
Health Hub,2.6,2016-11-15,Germany,Munich,Fintech,Sequoia Capital,2011,0.87,Series C,5
Spacely,1.66,2016-11-12,India,Mumbai,Other,"Andreessen Horowitz, Greylock Partners",2006,0.731,Series C,8
Pay Base,19.92,2016-11-07,United States,San Francisco,Edtech,"Khosla Ventures, Lightspeed Venture Partners",2006,6.963,Series E,9
Flow Technologies52,2.34,2016-11-01,South Korea,Seoul,E-commerce & direct-to-consumer,Insight Partners,2005,0.372,Series D,9
Nexly67,1.33,2016-10-27,United States,Chicago,Health,"Alibaba Group, Kleiner Perkins Caufield & Byers",2009,0.583,Series D,10
Cloud Solutions72,1.81,2016-10-26,United States,Boston,E-commerce & direct-to-consumer,Benchmark,2009,0.335,Series C,12
Finio,2.87,2016-10-16,United States,Austin,Artificial intelligence,"Index Ventures, Thrive Capital, Greylock Partners",2004,0.739,Series E,5
Techify94,1.19,2016-10-11,United States,New York,Artificial intelligence,"Thrive Capital, DST Global, Founders Fund, Lightspeed Venture Partners",2010,0.169,Series D,9
Data AI70,1.1,2016-10-11,China,Shanghai,Fintech,"Accel, Insight Partners, Greylock Partners",2011,0.52,Series D,7
Forge Base31,8.04,2016-10-02,United States,Seattle,Auto & transportation,"Accel, Alibaba Group, Thrive Capital, Andreessen Horowitz",2008,2.514,Series D,11
MetaVertex89,1.65,2016-09-29,China,Beijing,Health,Tencent Holdings,2011,0.81,Series C,11
Cyberly,1.07,2016-09-28,India,Pune,Edtech,Lightspeed Venture Partners,2013,0.279,Series C,8
FinVertex3,4.99,2016-09-15,United States,Los Angeles,Fintech,"Google Ventures, New Enterprise Associates",2011,1.254,Series F,5
CloudPulse57,1.08,2016-09-11,United States,Chicago,Internet software & services,"General Atlantic, Coatue Management, Andreessen Horowitz, Tiger Global Management",2007,0.265,Series C,9
CyberShift14,2.94,2016-09-09,Brazil,Curitiba,Artificial intelligence,"General Atlantic, Y Combinator, Andreessen Horowitz, DST Global",2005,0.735,Series D,7
Zenith Dynamics,1.11,2016-08-31,Australia,Melbourne,E-commerce & direct-to-consumer,"Coatue Management, Benchmark, Andreessen Horowitz, Insight Partners",2009,0.355,Series D,13
HealthFlow4,1.26,2016-08-19,United Kingdom,Cambridge,Health,"Y Combinator, Sequoia Capital, Coatue Management",2008,0.318,Series C,16
Techly,2.01,2016-08-19,Sweden,Stockholm,Data management & analytics,"Khosla Ventures, Coatue Management",2005,0.538,Series C,16
DataSpace95,1.16,2016-08-12,India,Bengaluru,E-commerce & direct-to-consumer,"Tencent Holdings, Benchmark, Alibaba Group",2011,0.217,Series D,4
Block Networks36,1.85,2016-07-17,China,Shanghai,Internet software & services,"Khosla Ventures, Index Ventures",2010,0.693,Series D,13
Meta Technologies90,7.26,2016-07-16,United States,Austin,Other,"Accel, Benchmark, Coatue Management",2013,0.914,Series F,18
Link AI61,1.6,2016-07-14,China,Hangzhou,Fintech,"New Enterprise Associates, General Atlantic",2012,0.793,Series D,16
CloudStream40,2.41,2016-07-13,United States,Seattle,Cybersecurity,"Tiger Global Management, Accel, General Atlantic, Google Ventures",2010,0.459,Series C,6
Stream Technologies,9.51,2016-07-12,United States,Palo Alto,Artificial intelligence,"New Enterprise Associates, Accel",2008,3.081,Series D,16
AeroVertex,17.23,2016-07-11,United States,New York,Auto & transportation,"Founders Fund, Benchmark, Alibaba Group",2006,4.276,Series D,12
Mindly64,7.37,2016-07-08,United States,New York,Other,"Kleiner Perkins Caufield & Byers, Y Combinator, Andreessen Horowitz, Thrive Capital",2009,3.248,Series F,10
Cloud Technologies45,3.51,2016-06-28,China,Shanghai,Data management & analytics,"Founders Fund, General Atlantic, Tencent Holdings, Google Ventures",2011,0.752,Series D,18
FinFlow64,7.5,2016-06-24,United States,Boston,E-commerce & direct-to-consumer,"Index Ventures, Thrive Capital, Khosla Ventures, New Enterprise Associates",2005,1.422,Series D,16
Mind Base5,1.16,2016-06-22,United States,Los Angeles,Artificial intelligence,"Greylock Partners, Founders Fund, Khosla Ventures, SoftBank Group",2011,0.44,Series E,6
MetaFlow,1.67,2016-06-19,United States,San Francisco,Fintech,"General Atlantic, Accel, Benchmark",2012,0.495,Series D,9
Shift Labs36,1.78,2016-06-09,China,Guangzhou,Cybersecurity,General Atlantic,2004,0.262,Series D,16
DataGrid43,2.85,2016-06-02,United States,New York,Cybersecurity,Bessemer Venture Partners,2011,0.488,Private Equity,11
Dataify51,1.54,2016-05-30,United States,Palo Alto,Internet software & services,DST Global,2007,0.252,Series E,9
Tech Labs87,1.77,2016-05-26,Canada,Toronto,Fintech,"Google Ventures, Accel, Khosla Ventures, Bessemer Venture Partners",2004,0.623,Series D,18
Payly86,1.61,2016-05-17,China,Guangzhou,Internet software & services,Accel,2004,0.369,Series D,5
FinPulse,1.85,2016-05-15,Australia,Melbourne,Data management & analytics,"Tencent Holdings, Thrive Capital, DST Global",2012,0.253,Series C,5
Mind Group51,17.79,2016-05-15,United States,San Francisco,Artificial intelligence,Google Ventures,2005,3.217,Pre-IPO,3
CyberPulse,27.64,2016-05-03,United States,Seattle,Health,"General Atlantic, Tiger Global Management",2008,5.532,Series F,13
AutoVertex,1.02,2016-04-22,France,Paris,Health,"General Atlantic, Tiger Global Management, Index Ventures",2009,0.309,Series E,13
Mind AI91,5.87,2016-04-14,United States,San Francisco,Fintech,"Accel, Insight Partners, Tencent Holdings, General Atlantic",2006,2.916,Series F,9
PayWave,2.83,2016-04-10,United States,Chicago,E-commerce & direct-to-consumer,Sequoia Capital,2010,0.507,Series D,6
PayStream,9.07,2016-04-07,United States,New York,Health,"Tiger Global Management, Insight Partners, Index Ventures",2011,3.936,Series E,11
BioZenith10,1.24,2016-03-31,India,Bengaluru,Cybersecurity,"Lightspeed Venture Partners, Kleiner Perkins Caufield & Byers",2013,0.597,Series D,4
Omniify95,9.09,2016-03-19,India,Pune,Internet software & services,Tencent Holdings,2004,3.186,Series C,15
FinShift,2.71,2016-03-16,United States,Palo Alto,Internet software & services,"Benchmark, Thrive Capital, Tiger Global Management, Alibaba Group",2006,0.779,Series F,18
BioPulse6,1.61,2016-03-15,United States,San Francisco,Health,"Insight Partners, Founders Fund, Index Ventures, Lightspeed Venture Partners",2006,0.717,Series F,8
NexWave51,1.85,2016-03-13,United States,Austin,Fintech,"Alibaba Group, General Atlantic",2005,0.248,Series C,4
Block Networks72,7.77,2016-03-11,India,Gurugram,E-commerce & direct-to-consumer,"Index Ventures, Kleiner Perkins Caufield & Byers, Bessemer Venture Partners",2007,1.976,Pre-IPO,18
OmniCore,2.89,2016-03-02,United States,San Francisco,Health,"Tiger Global Management, Founders Fund, General Atlantic, SoftBank Group",2007,1.289,Pre-IPO,4
Vertex Dynamics,6.25,2016-02-29,United Kingdom,Oxford,Fintech,"Founders Fund, Lightspeed Venture Partners, Tiger Global Management",2009,2.829,Series F,10
AutoZenith53,8.04,2016-02-25,South Korea,Seoul,Auto & transportation,Accel,2010,3.442,Series D,1
BioCore,2.63,2016-02-23,Australia,Sydney,E-commerce & direct-to-consumer,"Alibaba Group, Thrive Capital, Founders Fund",2007,1.04,Series E,6
SmartStream,1.44,2016-02-15,Brazil,Curitiba,E-commerce & direct-to-consumer,"Accel, Bessemer Venture Partners, Khosla Ventures",2012,0.592,Series B,8
Data Labs98,1.65,2016-02-01,United States,Chicago,Cybersecurity,"Index Ventures, Coatue Management",2007,0.41,Series D,17
CloudWave67,26.07,2016-01-19,Australia,Melbourne,Health,"Sequoia Capital, Index Ventures, Coatue Management, Accel",2008,9.181,Series F,17
BioZenith33,1.22,2016-01-14,United States,Boston,E-commerce & direct-to-consumer,"Thrive Capital, Benchmark",2008,0.516,Series D,10
Shift AI94,2.01,2016-01-13,United States,New York,E-commerce & direct-to-consumer,"Khosla Ventures, Coatue Management, Andreessen Horowitz",2007,0.906,Series E,11
NovaMind4,8.95,2016-01-10,United States,Seattle,Internet software & services,"Thrive Capital, Alibaba Group, Lightspeed Venture Partners",2009,2.492,Series B,4
PayMind,2.94,2015-12-31,Japan,Tokyo,Internet software & services,"New Enterprise Associates, SoftBank Group",2008,0.646,Series D,11
AutoForge51,1.77,2015-12-27,United States,Seattle,Fintech,Founders Fund,2009,0.49,Series C,2
TechStream,1.56,2015-12-25,United States,San Francisco,Cybersecurity,"Founders Fund, Sequoia Capital",2009,0.522,Series D,14
MetaSpace88,1.09,2015-12-25,United States,Boston,Internet software & services,"New Enterprise Associates, Coatue Management, Accel",2003,0.17,Series D,9
BioLink96,7.78,2015-12-23,Canada,Vancouver,Internet software & services,"Khosla Ventures, Bessemer Venture Partners",2010,3.885,Pre-IPO,10
Health Group64,2.78,2015-12-20,United States,Austin,Fintech,"Alibaba Group, General Atlantic",2009,0.849,Series E,2
MetaForge71,2.37,2015-12-18,United States,San Francisco,Health,"Google Ventures, Coatue Management",2012,1.0,Series E,6
Link Hub97,5.58,2015-12-15,Sweden,Stockholm,Artificial intelligence,"Thrive Capital, Insight Partners, Sequoia Capital, Coatue Management",2007,0.595,Series D,15
Flowio,1.58,2015-12-13,China,Shanghai,Artificial intelligence,SoftBank Group,2003,0.292,Series E,11
Mind Base39,1.27,2015-12-06,United States,Palo Alto,E-commerce & direct-to-consumer,Sequoia Capital,2009,0.563,Series E,7
Bio Technologies80,2.35,2015-11-24,Canada,Montreal,Travel,SoftBank Group,2005,0.798,Series D,6
Nexio91,2.26,2015-11-20,Israel,Jerusalem,Fintech,Coatue Management,2004,0.303,Series F,2
Finio7,1.4,2015-11-18,Israel,Tel Aviv,Internet software & services,"Thrive Capital, General Atlantic, Tencent Holdings",2012,0.527,Series C,12
Fin Group54,2.37,2015-11-18,United Kingdom,Cambridge,Artificial intelligence,Sequoia Capital,2003,0.301,Series E,9
Bio Labs,2.21,2015-11-13,United States,Austin,Internet software & services,"General Atlantic, DST Global",2007,0.517,Series C,5
TechStream95,2.07,2015-10-26,South Korea,Seoul,Other,DST Global,2004,0.303,Series D,8
Block Group29,8.26,2015-10-21,United Kingdom,London,Internet software & services,"Insight Partners, General Atlantic, Andreessen Horowitz, Google Ventures",2008,2.114,Series D,17
Bioify46,9.71,2015-10-20,Singapore,Singapore,Internet software & services,"Google Ventures, Alibaba Group, Tencent Holdings",2011,2.258,Private Equity,6
AeroCore28,6.06,2015-10-18,United States,Boston,Cybersecurity,"Kleiner Perkins Caufield & Byers, Thrive Capital, Andreessen Horowitz",2003,1.572,Pre-IPO,8
Payify91,9.39,2015-10-17,United States,Seattle,Artificial intelligence,"General Atlantic, Tencent Holdings, SoftBank Group",2004,2.241,Series D,12
Pay Systems,1.7,2015-10-10,United States,San Francisco,Artificial intelligence,General Atlantic,2010,0.408,Series B,10
Pulse Hub,3.26,2015-10-01,Germany,Berlin,E-commerce & direct-to-consumer,"Accel, Andreessen Horowitz, Google Ventures, DST Global",2010,1.547,Series D,13
Vertex Solutions63,2.46,2015-09-26,China,Shenzhen,Internet software & services,"Kleiner Perkins Caufield & Byers, Thrive Capital, Google Ventures, Lightspeed Venture Partners",2003,0.592,Series C,17
Gridly61,2.36,2015-09-19,United States,Los Angeles,E-commerce & direct-to-consumer,Alibaba Group,2012,0.586,Series D,14
Pulseify77,1.22,2015-09-17,United States,Los Angeles,"Supply chain, logistics, & delivery",Kleiner Perkins Caufield & Byers,2011,0.238,Pre-IPO,11
Aero Technologies43,9.22,2015-09-11,China,Shenzhen,Fintech,Tencent Holdings,2008,4.023,Series D,11
Pulse Systems89,2.77,2015-09-07,United States,Seattle,Artificial intelligence,"Benchmark, Andreessen Horowitz, Coatue Management",2009,0.905,Series C,11
Meta Group70,2.11,2015-09-01,China,Shenzhen,Cybersecurity,"Greylock Partners, SoftBank Group, DST Global",2005,0.833,Series C,18
PaySpace60,2.42,2015-09-01,Indonesia,Jakarta,E-commerce & direct-to-consumer,"DST Global, General Atlantic, Y Combinator, Google Ventures",2003,0.871,Series D,10
BioVertex77,2.98,2015-08-25,Singapore,Singapore,"Supply chain, logistics, & delivery","SoftBank Group, Bessemer Venture Partners, Founders Fund",2006,1.106,Series E,7
MetaPulse62,9.52,2015-08-20,United States,New York,E-commerce & direct-to-consumer,"Khosla Ventures, General Atlantic",2003,3.002,Pre-IPO,3
Shift AI,2.55,2015-08-09,United Kingdom,Oxford,Fintech,"Coatue Management, Andreessen Horowitz, Sequoia Capital",2010,0.743,Series D,10
Nex Hub,2.6,2015-08-04,Australia,Melbourne,Internet software & services,"Lightspeed Venture Partners, Google Ventures, Founders Fund, New Enterprise Associates",2012,1.256,Series C,18
AeroFlow89,1.28,2015-08-01,China,Hangzhou,Health,Kleiner Perkins Caufield & Byers,2011,0.22,Series C,5
Gridly6,2.82,2015-07-25,United Kingdom,Oxford,Data management & analytics,"Insight Partners, Khosla Ventures",2005,1.326,Series C,4
PayGrid99,1.74,2015-07-23,United Kingdom,Cambridge,Travel,Alibaba Group,2005,0.585,Series C,12
Cloudly,1.23,2015-07-21,United States,Boston,Artificial intelligence,"Accel, Sequoia Capital",2012,0.154,Series E,14
Shift Technologies66,1.84,2015-07-20,United Kingdom,Oxford,Internet software & services,"Accel, Lightspeed Venture Partners, Tencent Holdings, Andreessen Horowitz",2012,0.278,Series C,17
Autoio61,1.43,2015-07-18,United States,San Francisco,Edtech,"Andreessen Horowitz, Alibaba Group, Greylock Partners, DST Global",2009,0.174,Series B,4
Smart Hub9,1.34,2015-07-13,United States,Seattle,Internet software & services,Y Combinator,2008,0.481,Series F,16
CyberWave69,2.12,2015-07-12,India,Gurugram,Artificial intelligence,"SoftBank Group, Bessemer Venture Partners",2003,0.415,Series E,3
SmartPulse,3.53,2015-06-20,China,Shanghai,Internet software & services,"Founders Fund, Alibaba Group, Insight Partners, Y Combinator",2008,0.611,Series E,10
TechSpace8,2.11,2015-06-14,United States,Chicago,Internet software & services,"Google Ventures, Benchmark, Andreessen Horowitz, Lightspeed Venture Partners",2006,0.996,Series B,6
Mindio,2.28,2015-06-06,United States,Austin,Internet software & services,"Khosla Ventures, Bessemer Venture Partners, Greylock Partners, Accel",2005,0.693,Series C,18
Shift Dynamics30,4.68,2015-06-05,United States,San Francisco,Other,Lightspeed Venture Partners,2004,1.502,Series D,11
Omniify26,2.54,2015-05-31,United States,Palo Alto,"Supply chain, logistics, & delivery","Google Ventures, Thrive Capital, Index Ventures, Founders Fund",2010,0.893,Series E,5
Fin Dynamics56,1.11,2015-05-28,United States,Seattle,Data management & analytics,"SoftBank Group, Andreessen Horowitz, Coatue Management",2006,0.436,Series C,16
Shift Solutions84,2.18,2015-05-19,United Kingdom,Cambridge,Fintech,"Andreessen Horowitz, Benchmark, Index Ventures",2012,1.052,Series C,18
Auto Technologies,2.02,2015-05-16,Brazil,Curitiba,Cybersecurity,"Coatue Management, Tencent Holdings, Lightspeed Venture Partners",2011,0.32,Series D,9
Novaio59,1.24,2015-05-04,United States,Seattle,Fintech,"SoftBank Group, Tencent Holdings, Andreessen Horowitz, Greylock Partners",2012,0.466,Private Equity,6
Bio Dynamics22,1.2,2015-04-18,United States,Seattle,Artificial intelligence,Sequoia Capital,2004,0.225,Series E,12
Mind Networks70,1.53,2015-04-09,United States,Austin,Health,General Atlantic,2005,0.466,Series D,5
Forgely,1.21,2015-04-08,United States,Austin,Auto & transportation,"Kleiner Perkins Caufield & Byers, Tiger Global Management, Google Ventures, Index Ventures",2007,0.228,Series B,9
DataSpace11,8.44,2015-03-31,United States,San Francisco,E-commerce & direct-to-consumer,"General Atlantic, Google Ventures, Benchmark",2007,1.869,Series D,13
Flow Systems51,8.08,2015-03-18,Indonesia,Jakarta,E-commerce & direct-to-consumer,"Google Ventures, Khosla Ventures, Kleiner Perkins Caufield & Byers",2005,2.193,Series E,6
Fin Networks,2.1,2015-03-13,United States,New York,Fintech,"Kleiner Perkins Caufield & Byers, New Enterprise Associates, Insight Partners",2005,1.008,Series D,14
Core Group74,2.46,2015-03-01,United States,Los Angeles,Artificial intelligence,"General Atlantic, Alibaba Group",2003,0.578,Pre-IPO,14
Pay Hub,4.46,2015-02-26,United Kingdom,London,Health,"Benchmark, Google Ventures, Insight Partners, Y Combinator",2011,0.612,Series D,9
Vertex Hub29,4.65,2015-02-23,United States,San Francisco,Internet software & services,"Sequoia Capital, Alibaba Group",2004,1.347,Series D,6
Stream Networks,2.13,2015-02-22,United States,Chicago,Auto & transportation,"Insight Partners, Thrive Capital, Khosla Ventures",2007,0.416,Pre-IPO,15
PayGrid37,1.12,2015-02-21,China,Hangzhou,Internet software & services,"Google Ventures, Greylock Partners",2010,0.379,Series D,13
Forge Dynamics65,26.61,2015-02-19,United States,Seattle,Internet software & services,"Index Ventures, Founders Fund, SoftBank Group, Benchmark",2011,4.159,Series C,11
Cloudio,1.8,2015-02-17,Japan,Tokyo,Artificial intelligence,Tiger Global Management,2004,0.335,Series E,14
NexGrid97,2.08,2015-02-09,China,Shenzhen,Internet software & services,"Thrive Capital, DST Global",2006,0.865,Series F,12
Link Dynamics81,2.18,2015-02-03,United States,Chicago,Internet software & services,"Khosla Ventures, Bessemer Venture Partners, Index Ventures",2010,0.656,Series E,12
Flow Dynamics,2.72,2015-01-25,United States,Boston,E-commerce & direct-to-consumer,"SoftBank Group, Khosla Ventures, Kleiner Perkins Caufield & Byers, Benchmark",2007,1.022,Series B,4
Shift Base49,1.37,2015-01-24,Brazil,Curitiba,Health,"Lightspeed Venture Partners, Khosla Ventures, Benchmark, SoftBank Group",2011,0.227,Pre-IPO,8
OmniZenith,9.53,2015-01-24,United States,Seattle,Health,"Insight Partners, SoftBank Group",2010,1.657,Series C,10
CyberMind15,3.98,2015-01-19,United States,Seattle,Fintech,"Greylock Partners, Sequoia Capital",2005,1.649,Series E,4
Data AI,26.72,2015-01-06,Germany,Berlin,Health,"Y Combinator, Andreessen Horowitz, Accel",2005,8.219,Series E,17
NexGrid,1.35,2015-01-02,United States,San Francisco,Data management & analytics,Benchmark,2007,0.641,Series C,15
Vertex Systems,1.52,2015-01-01,United States,Austin,Internet software & services,"Insight Partners, Founders Fund, Benchmark, General Atlantic",2010,0.24,Series F,10
Grid Dynamics,7.74,2014-12-27,China,Guangzhou,Internet software & services,"SoftBank Group, Benchmark",2009,3.712,Series C,7
Payify48,1.34,2014-12-14,United States,Austin,E-commerce & direct-to-consumer,"Accel, SoftBank Group, Tencent Holdings, New Enterprise Associates",2005,0.39,Series E,6
Bio Hub,1.27,2014-12-10,United States,San Francisco,Fintech,"Insight Partners, Andreessen Horowitz",2008,0.144,Series C,3
OmniSpace,8.11,2014-11-25,China,Shenzhen,Cybersecurity,"Index Ventures, Lightspeed Venture Partners, SoftBank Group",2011,2.086,Series D,18
PayFlow38,4.35,2014-11-25,Germany,Berlin,Internet software & services,Accel,2003,1.363,Series D,3
Space Dynamics,1.05,2014-11-22,United States,Chicago,Auto & transportation,Bessemer Venture Partners,2002,0.434,Series C,13
Shiftio,2.47,2014-11-15,India,Bengaluru,Fintech,"Khosla Ventures, Lightspeed Venture Partners, Thrive Capital",2002,0.66,Series D,17
Zenithio14,1.11,2014-11-04,Germany,Berlin,Internet software & services,Coatue Management,2007,0.153,Series F,3
Cloud AI,2.72,2014-10-26,China,Shenzhen,Health,"Google Ventures, Greylock Partners, Alibaba Group, DST Global",2007,0.969,Series D,6
Forge Solutions,2.43,2014-10-16,United States,Austin,E-commerce & direct-to-consumer,DST Global,2005,0.752,Pre-IPO,1
TechGrid,2.87,2014-10-11,Israel,Jerusalem,Artificial intelligence,"Sequoia Capital, New Enterprise Associates, Greylock Partners, Kleiner Perkins Caufield & Byers",2007,0.902,Series D,13
Health Technologies57,7.01,2014-10-07,United States,San Francisco,Internet software & services,"Coatue Management, Greylock Partners, Thrive Capital, Sequoia Capital",2008,2.291,Series C,4
Stream Base41,11.14,2014-10-06,China,Hangzhou,Fintech,"Tencent Holdings, Greylock Partners, DST Global, Sequoia Capital",2006,5.292,Series C,7
TechVertex,2.74,2014-10-06,United States,Austin,Auto & transportation,Insight Partners,2006,0.702,Private Equity,8
Space AI61,1.58,2014-10-05,United States,New York,Artificial intelligence,"Alibaba Group, Thrive Capital, General Atlantic, Google Ventures",2005,0.599,Series D,7
Block Base42,2.33,2014-09-25,France,Paris,Consumer & retail,"Index Ventures, Y Combinator, Tencent Holdings, Accel",2007,0.444,Series C,15
Block Labs49,1.35,2014-09-22,United States,Seattle,Fintech,Lightspeed Venture Partners,2007,0.401,Series D,2
Zenithify93,1.04,2014-09-22,United States,New York,E-commerce & direct-to-consumer,"Bessemer Venture Partners, Index Ventures, Tiger Global Management",2005,0.477,Series E,5
Wave Group86,2.84,2014-09-16,United States,Seattle,Hardware,"Coatue Management, General Atlantic",2005,1.068,Series F,15
Vertex Solutions,7.69,2014-09-09,United States,New York,Other,"Kleiner Perkins Caufield & Byers, Alibaba Group, Sequoia Capital, Index Ventures",2009,3.695,Series D,14
Auto Group21,1.76,2014-08-29,United Kingdom,Oxford,Data management & analytics,"Coatue Management, Index Ventures, Khosla Ventures, Bessemer Venture Partners",2010,0.877,Series C,7
PayVertex83,1.57,2014-08-24,United States,Boston,Fintech,Coatue Management,2011,0.536,Series E,6
Tech Networks54,2.71,2014-08-24,Brazil,Curitiba,Fintech,"Index Ventures, Tiger Global Management, Greylock Partners",2007,0.52,Private Equity,5
Tech Systems74,1.76,2014-08-24,Australia,Sydney,Internet software & services,Thrive Capital,2009,0.497,Series C,10
Link AI9,1.55,2014-08-22,United States,Austin,Internet software & services,"Google Ventures, SoftBank Group, Lightspeed Venture Partners, Khosla Ventures",2007,0.462,Series F,9
NovaCore3,15.49,2014-08-20,China,Shenzhen,Auto & transportation,Tencent Holdings,2008,2.648,Series D,1
Stream Solutions11,4.56,2014-08-17,United States,New York,Internet software & services,"Accel, Kleiner Perkins Caufield & Byers, Founders Fund",2007,1.283,Series D,5
Fin Systems,1.24,2014-08-11,China,Hangzhou,Auto & transportation,Thrive Capital,2008,0.442,Series E,1
Aero AI24,1.06,2014-07-30,United States,Boston,Auto & transportation,"Y Combinator, Alibaba Group, Accel",2003,0.437,Series E,10
NexFlow21,1.67,2014-07-29,United States,New York,Fintech,"Alibaba Group, Index Ventures",2009,0.479,Series D,7
Bioify41,1.21,2014-07-28,United States,Chicago,Fintech,"Google Ventures, Accel",2010,0.386,Series E,4
Metaly,9.57,2014-07-24,Sweden,Stockholm,Artificial intelligence,"Andreessen Horowitz, Benchmark",2005,3.689,Series D,5
HealthWave,2.21,2014-07-24,China,Guangzhou,Fintech,"Lightspeed Venture Partners, Khosla Ventures, Kleiner Perkins Caufield & Byers, General Atlantic",2005,1.04,Series D,15
Data AI93,7.42,2014-07-07,United States,New York,Artificial intelligence,"Google Ventures, Founders Fund, Lightspeed Venture Partners, Bessemer Venture Partners",2004,0.844,Series F,13
TechMind24,7.33,2014-07-04,United States,Chicago,Other,"Alibaba Group, Coatue Management",2011,3.372,Series E,9
Meta Dynamics,2.63,2014-06-30,France,Paris,"Supply chain, logistics, & delivery","Coatue Management, New Enterprise Associates",2005,0.513,Series C,11
Cloud Networks88,1.21,2014-06-22,United States,New York,Cybersecurity,"Thrive Capital, SoftBank Group, Coatue Management",2005,0.51,Series F,3
Space Systems90,1.63,2014-06-14,United States,Palo Alto,Auto & transportation,"Insight Partners, Bessemer Venture Partners",2007,0.611,Series D,6
Mindio78,8.06,2014-06-12,United States,Palo Alto,Other,"SoftBank Group, Lightspeed Venture Partners, Accel",2010,3.925,Series D,17
FinSpace91,1.91,2014-06-09,United States,Boston,Fintech,"DST Global, Benchmark, Founders Fund",2007,0.762,Series D,14
Tech Group,3.43,2014-06-07,United Kingdom,Cambridge,E-commerce & direct-to-consumer,Andreessen Horowitz,2002,0.997,Pre-IPO,6
Fin Technologies43,1.69,2014-06-05,United States,San Francisco,Cybersecurity,Khosla Ventures,2005,0.277,Series F,6
Health Dynamics65,1.72,2014-06-02,United States,Los Angeles,Internet software & services,"Benchmark, Greylock Partners",2008,0.564,Series E,6
Zenith Hub94,1.3,2014-05-24,United States,Los Angeles,Edtech,"DST Global, Founders Fund",2010,0.542,Series D,15
AutoFlow,9.33,2014-05-23,United States,Boston,Fintech,"Founders Fund, DST Global",2003,2.091,Series F,12
Space Networks51,9.68,2014-05-17,United Kingdom,London,Cybersecurity,"Andreessen Horowitz, Index Ventures, Khosla Ventures",2010,2.309,Series D,17
NexLink,5.17,2014-04-26,United States,New York,Cybersecurity,"Sequoia Capital, Alibaba Group, Insight Partners, Index Ventures",2002,2.139,Series E,11
Pay Dynamics,38.71,2014-04-11,United States,Boston,E-commerce & direct-to-consumer,"Coatue Management, Greylock Partners",2006,18.389,Series D,10
Forgeify59,1.84,2014-04-09,China,Guangzhou,Fintech,"General Atlantic, Sequoia Capital, Khosla Ventures, DST Global",2002,0.2,Series C,14
BioBlock,2.3,2014-03-28,Israel,Jerusalem,Fintech,"Insight Partners, Tiger Global Management",2010,0.359,Series E,8
CloudPulse,2.62,2014-03-22,China,Shanghai,Artificial intelligence,"Coatue Management, Tiger Global Management, Lightspeed Venture Partners",2006,0.496,Series D,12
Block Technologies66,4.43,2014-03-20,China,Beijing,Fintech,Google Ventures,2010,1.759,Series E,7
Space Networks88,1.97,2014-03-16,China,Hangzhou,Health,"Andreessen Horowitz, Index Ventures, Greylock Partners, General Atlantic",2010,0.673,Series E,18
Dataio,1.55,2014-03-07,United States,Palo Alto,"Supply chain, logistics, & delivery","Greylock Partners, Sequoia Capital",2002,0.279,Series E,3
Tech Systems90,2.39,2014-03-05,United States,Los Angeles,Health,"SoftBank Group, Andreessen Horowitz, Bessemer Venture Partners",2004,0.807,Series C,5
Auto Group3,11.82,2014-02-10,China,Guangzhou,"Supply chain, logistics, & delivery","DST Global, SoftBank Group, Lightspeed Venture Partners",2005,2.227,Series D,17
DataBlock20,2.43,2014-01-29,China,Guangzhou,Health,"Greylock Partners, DST Global, Lightspeed Venture Partners",2004,0.779,Series C,15
SmartSpace,27.76,2014-01-11,United States,Seattle,Edtech,Coatue Management,2007,6.857,Series D,8
PayBlock,1.95,2014-01-08,United States,Boston,Edtech,Index Ventures,2003,0.713,Series F,11
Blockly10,134.79,2014-01-08,Canada,Toronto,"Supply chain, logistics, & delivery","Tiger Global Management, General Atlantic",2009,19.591,Series C,16
CyberFlow88,36.89,2014-01-08,China,Guangzhou,E-commerce & direct-to-consumer,"Benchmark, Alibaba Group",2005,17.015,Series D,5
Grid AI,1.27,2014-01-05,United States,San Francisco,Artificial intelligence,"Founders Fund, Bessemer Venture Partners, Google Ventures, Benchmark",2006,0.346,Private Equity,8
Health AI86,2.38,2013-12-22,China,Hangzhou,Fintech,"Y Combinator, Founders Fund, Bessemer Venture Partners",2006,0.637,Series C,8
SmartBlock87,6.42,2013-12-17,United States,San Francisco,Hardware,"New Enterprise Associates, Google Ventures",2008,2.747,Series E,17
MetaForge52,2.55,2013-12-08,United States,Los Angeles,Fintech,Google Ventures,2006,0.965,Series E,15
MetaVertex26,6.83,2013-12-06,United States,Palo Alto,E-commerce & direct-to-consumer,"Sequoia Capital, Greylock Partners",2010,1.32,Series C,13
Smart Base36,8.96,2013-12-05,United States,Los Angeles,Internet software & services,"Tiger Global Management, DST Global",2001,1.129,Series E,14
Forge Systems6,2.78,2013-11-26,India,Bengaluru,Fintech,"Greylock Partners, Y Combinator, Accel, Khosla Ventures",2003,1.121,Series E,11
Flow Hub74,1.76,2013-11-22,Indonesia,Jakarta,Cybersecurity,"Google Ventures, Andreessen Horowitz, Khosla Ventures, Thrive Capital",2006,0.667,Series C,14
MetaLink19,4.58,2013-11-22,United States,San Francisco,Artificial intelligence,Google Ventures,2007,1.152,Series D,4
Novaify81,9.04,2013-11-12,Germany,Munich,E-commerce & direct-to-consumer,"Thrive Capital, Benchmark",2006,4.293,Series D,15
HealthCore63,2.66,2013-10-28,India,New Delhi,Health,"Benchmark, Bessemer Venture Partners, Alibaba Group",2009,0.466,Series E,17
Zenith Solutions,1.71,2013-10-19,United States,Seattle,Fintech,Bessemer Venture Partners,2008,0.536,Series D,8
Bio Solutions45,1.89,2013-10-08,United States,New York,E-commerce & direct-to-consumer,"Benchmark, Greylock Partners",2003,0.407,Series E,15
Flowly,2.77,2013-10-08,United States,Boston,Other,Alibaba Group,2001,0.889,Series D,14
NovaWave26,1.84,2013-09-30,Canada,Toronto,Artificial intelligence,"Insight Partners, Thrive Capital, Tiger Global Management",2007,0.89,Series D,6
Shift Systems36,2.91,2013-09-29,United States,Chicago,Internet software & services,"Benchmark, DST Global, Greylock Partners",2002,1.393,Series F,9
PayWave44,1.63,2013-09-10,United States,Chicago,Internet software & services,"Google Ventures, Tencent Holdings, Alibaba Group",2002,0.529,Private Equity,13
Core Systems80,1.4,2013-09-01,United States,Chicago,E-commerce & direct-to-consumer,"Thrive Capital, Google Ventures",2002,0.382,Series E,16
BioZenith,14.58,2013-08-26,Indonesia,Jakarta,Data management & analytics,"Kleiner Perkins Caufield & Byers, Tiger Global Management",2007,6.542,Series C,3
Omni Labs98,2.19,2013-08-25,United States,Palo Alto,Internet software & services,"Alibaba Group, Bessemer Venture Partners, Greylock Partners",2008,0.586,Series C,8
AutoForge13,2.64,2013-08-20,China,Guangzhou,Fintech,"Bessemer Venture Partners, DST Global, Andreessen Horowitz",2002,0.914,Series C,14
SmartMind42,1.59,2013-08-16,Germany,Berlin,Internet software & services,"Greylock Partners, Thrive Capital",2004,0.59,Series E,7
Link AI95,6.35,2013-08-08,United States,Palo Alto,Artificial intelligence,"Alibaba Group, Khosla Ventures, Y Combinator, Google Ventures",2002,0.757,Series D,15
Waveio,15.61,2013-07-28,United Kingdom,Oxford,Artificial intelligence,"Tiger Global Management, Lightspeed Venture Partners, New Enterprise Associates",2006,3.669,Series E,15
HealthPulse76,2.67,2013-07-21,China,Shenzhen,Artificial intelligence,Khosla Ventures,2010,0.733,Series D,13
Dataly95,2.08,2013-07-21,India,New Delhi,Artificial intelligence,Khosla Ventures,2008,1.033,Private Equity,1
HealthSpace99,1.95,2013-07-13,United Kingdom,Oxford,Artificial intelligence,"Khosla Ventures, Benchmark, SoftBank Group",2009,0.787,Pre-IPO,10
Techify97,12.05,2013-06-28,United States,Austin,E-commerce & direct-to-consumer,"Andreessen Horowitz, Accel, Index Ventures, Sequoia Capital",2007,4.249,Pre-IPO,11
AeroLink89,3.63,2013-06-24,United States,Chicago,Auto & transportation,"Founders Fund, Thrive Capital, Andreessen Horowitz",2009,0.543,Series D,7
Meta Solutions25,4.8,2013-06-22,United States,Chicago,Fintech,Google Ventures,2007,2.029,Series C,4
Bioly,2.96,2013-06-13,United States,Los Angeles,Fintech,"Alibaba Group, Greylock Partners, Index Ventures",2006,1.022,Series C,11
Novaly,2.75,2013-06-06,United States,Austin,Fintech,"Insight Partners, Sequoia Capital, Khosla Ventures",2010,0.911,Series D,6
Aeroify20,2.9,2013-05-25,France,Paris,E-commerce & direct-to-consumer,"Benchmark, Insight Partners, Coatue Management",2010,0.744,Series E,7
HealthCore41,2.07,2013-05-23,France,Paris,Cybersecurity,Index Ventures,2010,0.816,Series D,7
NexGrid88,2.32,2013-05-23,Indonesia,Jakarta,Auto & transportation,"Tencent Holdings, Coatue Management, Sequoia Capital, Accel",2008,0.992,Series D,11
Vertex Technologies,1.92,2013-05-20,United States,San Francisco,Auto & transportation,DST Global,2004,0.519,Series E,4
AeroStream78,1.4,2013-05-19,Brazil,Curitiba,Cybersecurity,"Coatue Management, Tiger Global Management, Benchmark",2008,0.638,Series C,11
Streamly33,1.24,2013-05-01,United States,Chicago,Health,"Sequoia Capital, Khosla Ventures, Bessemer Venture Partners, Index Ventures",2005,0.316,Series E,10
Autoify38,5.81,2013-04-22,United States,Austin,Internet software & services,"Bessemer Venture Partners, Thrive Capital",2001,0.606,Series E,14
HealthPulse23,1.2,2013-04-15,China,Guangzhou,"Supply chain, logistics, & delivery","Tencent Holdings, Accel",2004,0.177,Series F,15
Nova AI60,28.52,2013-04-14,United Kingdom,Oxford,Other,"Greylock Partners, Google Ventures, Y Combinator",2005,6.264,Series D,10
DataForge51,1.94,2013-04-12,India,New Delhi,E-commerce & direct-to-consumer,"Tencent Holdings, DST Global, Sequoia Capital, Google Ventures",2004,0.857,Series E,13
Forgeio36,2.57,2013-04-06,South Korea,Seoul,"Supply chain, logistics, & delivery","Coatue Management, Index Ventures, Sequoia Capital, Lightspeed Venture Partners",2005,0.609,Pre-IPO,10
Pulse AI,2.35,2013-04-02,United States,Austin,Internet software & services,"Bessemer Venture Partners, Y Combinator, Kleiner Perkins Caufield & Byers, Tiger Global Management",2007,0.641,Series D,16
Mind Networks,1.75,2013-03-24,India,Pune,Fintech,"Lightspeed Venture Partners, Index Ventures, Khosla Ventures, Tencent Holdings",2003,0.815,Series E,17
NovaLink14,1.36,2013-03-19,China,Guangzhou,Fintech,"SoftBank Group, DST Global",2007,0.464,Series B,12
Meta Hub86,1.21,2013-03-18,Brazil,Sao Paulo,Internet software & services,Founders Fund,2010,0.345,Series D,7
Stream Networks99,1.8,2013-03-13,Germany,Berlin,E-commerce & direct-to-consumer,"Founders Fund, Bessemer Venture Partners, DST Global",2007,0.686,Pre-IPO,18
NovaMind,9.26,2013-03-07,United States,Austin,E-commerce & direct-to-consumer,"Accel, DST Global, Khosla Ventures",2003,2.287,Pre-IPO,11
Stream Dynamics13,1.21,2013-03-07,United States,San Francisco,Internet software & services,"Google Ventures, Andreessen Horowitz, SoftBank Group, Index Ventures",2004,0.355,Series D,9
Finify,1.92,2013-03-07,United States,Boston,Cybersecurity,"Lightspeed Venture Partners, DST Global, Thrive Capital",2003,0.305,Series C,12
Space Solutions9,1.52,2013-03-01,United Kingdom,Cambridge,Data management & analytics,"DST Global, Tencent Holdings, Lightspeed Venture Partners",2008,0.241,Series C,4
FinMind,2.46,2013-03-01,India,Bengaluru,Artificial intelligence,Google Ventures,2005,1.034,Series C,4
MetaLink,2.41,2013-02-19,United States,Palo Alto,Data management & analytics,"Index Ventures, Alibaba Group, Sequoia Capital",2005,0.653,Series D,15
Health Base,2.91,2013-02-14,United States,San Francisco,Fintech,"DST Global, Sequoia Capital, SoftBank Group",2005,1.314,Series B,12
OmniVertex,1.85,2013-02-11,Indonesia,Jakarta,Internet software & services,"Khosla Ventures, SoftBank Group, Benchmark, DST Global",2007,0.246,Pre-IPO,4
Techify66,7.18,2013-01-26,United States,Los Angeles,Consumer & retail,"SoftBank Group, Sequoia Capital, New Enterprise Associates, Tiger Global Management",2006,1.262,Series C,16
Pay Technologies,9.72,2013-01-18,United States,New York,Internet software & services,"Bessemer Venture Partners, Andreessen Horowitz, Founders Fund",2002,3.999,Series B,18
Shiftly88,2.91,2013-01-16,China,Shenzhen,E-commerce & direct-to-consumer,"Sequoia Capital, Khosla Ventures, Bessemer Venture Partners",2003,0.792,Series D,7
OmniFlow82,7.49,2012-11-30,United States,New York,E-commerce & direct-to-consumer,"Khosla Ventures, Index Ventures, Benchmark, Andreessen Horowitz",2000,0.763,Pre-IPO,16
OmniForge15,2.92,2012-11-25,Canada,Toronto,Cybersecurity,"Kleiner Perkins Caufield & Byers, General Atlantic",2002,0.896,Series C,4
Nova AI,1.75,2012-11-23,United States,New York,Fintech,Andreessen Horowitz,2006,0.839,Pre-IPO,5
Space Hub,39.77,2012-11-14,India,Bengaluru,Fintech,"Khosla Ventures, Tiger Global Management, Google Ventures, Tencent Holdings",2009,6.556,Series E,7
Payly21,1.49,2012-10-23,Brazil,Curitiba,Other,"SoftBank Group, Insight Partners, DST Global, Khosla Ventures",2004,0.231,Pre-IPO,11
TechWave85,20.36,2012-10-17,United Kingdom,London,Fintech,Bessemer Venture Partners,2001,6.237,Series D,8
CyberCore,16.57,2012-09-11,United States,Boston,Internet software & services,Bessemer Venture Partners,2002,1.685,Series D,1
CyberLink,1.48,2012-08-21,United Kingdom,Oxford,Internet software & services,"Tiger Global Management, SoftBank Group, DST Global, Bessemer Venture Partners",2001,0.158,Series E,11
Wave Networks81,6.77,2012-08-21,United States,New York,"Supply chain, logistics, & delivery","Benchmark, Tencent Holdings, DST Global",2003,0.736,Series B,8
Techify,17.96,2012-08-13,Brazil,Curitiba,Health,"Greylock Partners, Khosla Ventures, Google Ventures, Tiger Global Management",2001,5.659,Series F,8
OmniCore40,1.4,2012-08-07,Canada,Vancouver,Fintech,"Bessemer Venture Partners, Lightspeed Venture Partners",2005,0.3,Pre-IPO,16
Payly,2.26,2012-07-30,United States,Seattle,Data management & analytics,Alibaba Group,2001,0.293,Series D,15
PayBlock70,2.92,2012-07-24,Australia,Sydney,Fintech,"Tiger Global Management, Alibaba Group, Accel, Lightspeed Venture Partners",2001,0.761,Series F,16
Cloud Group,1.88,2012-07-08,Brazil,Sao Paulo,Hardware,Lightspeed Venture Partners,2004,0.46,Private Equity,2
Nex Systems,2.8,2012-06-27,United States,San Francisco,Data management & analytics,Khosla Ventures,2001,1.199,Series D,12
Vertex Hub32,2.51,2012-06-24,United States,Boston,Internet software & services,"Khosla Ventures, Greylock Partners",2008,0.485,Series D,17
NexCore,1.77,2012-06-11,United States,Chicago,Data management & analytics,"Sequoia Capital, Alibaba Group, Tiger Global Management",2004,0.348,Series D,6
Flowly28,9.21,2012-06-11,India,Bengaluru,"Supply chain, logistics, & delivery","Thrive Capital, Tencent Holdings",2002,2.878,Pre-IPO,14
Smart Labs,1.22,2012-06-10,United States,Chicago,E-commerce & direct-to-consumer,General Atlantic,2000,0.232,Series D,14
Tech Group1,4.35,2012-06-04,United States,Boston,Health,"DST Global, SoftBank Group, General Atlantic, Y Combinator",2005,1.506,Series F,6
Bio Dynamics,2.88,2012-06-04,United States,Seattle,Fintech,"Khosla Ventures, Insight Partners, DST Global",2004,0.841,Series C,11
Omni Networks42,2.17,2012-05-25,Singapore,Singapore,Data management & analytics,"New Enterprise Associates, Tencent Holdings",2006,0.995,Series E,12
SmartStream43,1.54,2012-05-19,United States,New York,Other,Benchmark,2000,0.476,Series E,8
Nova Solutions88,1.29,2012-05-13,Brazil,Curitiba,Other,"Tiger Global Management, Andreessen Horowitz, Greylock Partners, DST Global",2000,0.614,Series C,4
Cyber Labs82,1.51,2012-05-03,United States,San Francisco,Fintech,"Index Ventures, Thrive Capital, New Enterprise Associates, Accel",2008,0.418,Series C,15
Auto Group57,28.05,2012-04-30,India,Pune,Cybersecurity,"Alibaba Group, Greylock Partners, Coatue Management",2003,12.074,Series D,13
Shiftly92,2.99,2012-04-25,United States,Palo Alto,E-commerce & direct-to-consumer,"Y Combinator, Tiger Global Management, Index Ventures, Lightspeed Venture Partners",2009,0.865,Series C,15
Wave Hub14,2.1,2012-04-21,United States,Boston,"Supply chain, logistics, & delivery","SoftBank Group, Coatue Management, DST Global, Accel",2008,0.594,Series C,10
PayVertex27,2.27,2012-04-20,United States,San Francisco,Artificial intelligence,"Accel, Sequoia Capital, SoftBank Group, Tiger Global Management",2006,0.64,Series D,12
Bioio55,57.96,2012-04-04,United States,Palo Alto,Cybersecurity,"Sequoia Capital, Tencent Holdings, Benchmark",2008,25.135,Series B,15
Fin Solutions76,12.12,2012-03-23,United States,Chicago,Internet software & services,"Sequoia Capital, Tiger Global Management",2002,5.239,Series C,17
Spaceify,4.03,2012-03-21,Indonesia,Jakarta,Cybersecurity,"Accel, Kleiner Perkins Caufield & Byers, Google Ventures",2000,1.965,Private Equity,3
MetaSpace,2.77,2012-03-20,United Kingdom,London,Health,"Google Ventures, Khosla Ventures, DST Global",2001,0.732,Series F,16
Wave Technologies45,1.61,2012-03-18,United States,Palo Alto,"Supply chain, logistics, & delivery",Andreessen Horowitz,2009,0.659,Series E,7
NovaPulse,1.06,2012-03-18,United States,Palo Alto,Fintech,"Index Ventures, New Enterprise Associates",2009,0.34,Series C,4
Block Base,2.17,2012-03-14,United States,Boston,Internet software & services,"DST Global, Index Ventures",2000,0.515,Series C,13
PayCore5,2.11,2012-03-12,United States,Seattle,E-commerce & direct-to-consumer,"DST Global, Greylock Partners",2007,0.475,Series E,14
Meta Technologies,29.73,2012-03-10,United Kingdom,Oxford,Fintech,"Khosla Ventures, Tiger Global Management, New Enterprise Associates",2001,6.426,Pre-IPO,12
Cyber Systems83,2.11,2012-03-06,Germany,Munich,Health,Thrive Capital,2005,0.384,Series C,7
Shift Labs98,1.58,2012-03-02,United States,San Francisco,Fintech,Founders Fund,2002,0.231,Series D,10
Tech AI2,1.56,2012-02-28,United States,Austin,Fintech,"Google Ventures, Tiger Global Management, Tencent Holdings",2000,0.295,Series D,4
DataCore,2.4,2012-02-25,Canada,Vancouver,Artificial intelligence,"Benchmark, Tiger Global Management, Bessemer Venture Partners, Andreessen Horowitz",2003,0.945,Series E,12
Fin Networks12,2.94,2012-02-10,Germany,Munich,Internet software & services,"Tiger Global Management, Andreessen Horowitz, New Enterprise Associates, Benchmark",2009,0.895,Series D,16
Nova Base65,6.75,2012-02-02,United States,New York,Data management & analytics,"Alibaba Group, Khosla Ventures",2001,2.892,Series E,9
CyberWave60,1.56,2012-02-01,Israel,Tel Aviv,Artificial intelligence,Coatue Management,2004,0.665,Series D,15
Gridio,1.73,2012-01-26,United States,Chicago,Health,"Accel, Sequoia Capital, Founders Fund, Lightspeed Venture Partners",2006,0.666,Series D,17
Wave Labs,2.05,2012-01-25,United States,San Francisco,Internet software & services,"Tiger Global Management, Tencent Holdings, Bessemer Venture Partners",2007,0.892,Series D,16
Pulse Base,1.09,2012-01-05,Brazil,Curitiba,Consumer & retail,"Thrive Capital, Benchmark",2002,0.384,Series F,6
Cyber Systems39,1.8,2011-12-16,United States,Palo Alto,Fintech,Founders Fund,2001,0.304,Series C,4
NexWave,9.21,2011-12-11,United States,New York,Internet software & services,Kleiner Perkins Caufield & Byers,1999,1.766,Series C,9
Wave Group,1.75,2011-12-09,United States,Seattle,Health,"Benchmark, Google Ventures, Sequoia Capital",2008,0.863,Pre-IPO,3
Forge Group,2.36,2011-12-07,United States,Palo Alto,Health,"New Enterprise Associates, DST Global, Accel, Alibaba Group",2000,0.76,Private Equity,12
Cyber Dynamics,6.53,2011-11-30,United States,Austin,E-commerce & direct-to-consumer,"Bessemer Venture Partners, SoftBank Group",2006,1.896,Pre-IPO,3
AutoVertex16,1.79,2011-11-26,United States,Austin,Data management & analytics,"Alibaba Group, Index Ventures, Kleiner Perkins Caufield & Byers, Founders Fund",2000,0.235,Series F,10
DataShift15,2.73,2011-11-23,China,Shenzhen,Fintech,"Alibaba Group, Kleiner Perkins Caufield & Byers, Khosla Ventures, Bessemer Venture Partners",2002,0.481,Series F,14
Zenith Dynamics75,2.93,2011-11-18,Singapore,Singapore,Edtech,"Bessemer Venture Partners, Insight Partners",2001,1.383,Series E,2
NexZenith,2.08,2011-11-16,United Kingdom,Cambridge,Fintech,Tiger Global Management,2008,0.915,Pre-IPO,1
Stream Networks6,2.11,2011-11-06,Israel,Tel Aviv,Other,"Y Combinator, General Atlantic",2008,0.49,Series C,6
Wave Systems90,1.21,2011-11-01,United States,Chicago,E-commerce & direct-to-consumer,"Tiger Global Management, Coatue Management, Benchmark, Insight Partners",2006,0.138,Series F,4
Data AI94,2.24,2011-10-29,United States,Palo Alto,Artificial intelligence,"DST Global, Kleiner Perkins Caufield & Byers, SoftBank Group, Lightspeed Venture Partners",2002,0.625,Series D,14
Smart Labs44,2.96,2011-10-29,Singapore,Singapore,Fintech,"Y Combinator, New Enterprise Associates, Founders Fund",2003,0.92,Series E,11
Blockly,17.89,2011-10-26,United States,Los Angeles,Fintech,"Bessemer Venture Partners, Kleiner Perkins Caufield & Byers, Andreessen Horowitz",2003,4.634,Series D,16
Cloud Group89,1.36,2011-10-14,France,Paris,Cybersecurity,Coatue Management,2004,0.325,Series D,1
NovaShift,2.61,2011-09-26,United States,Palo Alto,E-commerce & direct-to-consumer,Alibaba Group,1999,0.367,Series D,5
Mind AI,1.69,2011-09-24,China,Shenzhen,Artificial intelligence,"SoftBank Group, Andreessen Horowitz",2002,0.585,Series D,2
FinLink4,6.98,2011-09-13,United States,Chicago,Auto & transportation,Accel,2005,2.475,Series E,16
NovaGrid,4.93,2011-08-27,China,Beijing,E-commerce & direct-to-consumer,"Tiger Global Management, Lightspeed Venture Partners",2002,1.456,Pre-IPO,9
Stream Labs,4.82,2011-08-25,United States,Chicago,Artificial intelligence,"Alibaba Group, Sequoia Capital, Greylock Partners",2007,1.159,Series E,9
Grid Base77,7.73,2011-08-23,France,Paris,Fintech,Kleiner Perkins Caufield & Byers,2004,1.222,Series E,12
Aero Networks,145.17,2011-08-17,United States,Chicago,Artificial intelligence,"Index Ventures, Y Combinator, Founders Fund, Coatue Management",2007,57.164,Series F,6
DataSpace17,6.67,2011-08-16,United States,San Francisco,Auto & transportation,"Khosla Ventures, Google Ventures",2003,1.927,Series F,17
CloudWave68,2.36,2011-07-29,United States,Boston,Health,"Accel, Tiger Global Management",1999,1.058,Series E,9
Flow Systems36,1.2,2011-07-19,Israel,Jerusalem,Data management & analytics,"Index Ventures, Greylock Partners, Tiger Global Management, Lightspeed Venture Partners",2002,0.389,Series D,19
Tech Networks,6.33,2011-07-16,United States,Los Angeles,Data management & analytics,Alibaba Group,2000,1.653,Series D,13
Smart Systems,8.88,2011-07-06,United States,Los Angeles,Internet software & services,"Khosla Ventures, General Atlantic, Thrive Capital, SoftBank Group",2000,4.084,Series D,15
Block Group51,1.61,2011-07-02,Sweden,Stockholm,Fintech,"Bessemer Venture Partners, DST Global, Andreessen Horowitz, Alibaba Group",2008,0.557,Series F,14
OmniShift,2.37,2011-06-21,United States,San Francisco,Cybersecurity,"Greylock Partners, Thrive Capital, SoftBank Group",2000,0.493,Series F,7
Wave Base,3.4,2011-05-30,United Kingdom,Oxford,Data management & analytics,"Lightspeed Venture Partners, Y Combinator, Founders Fund",1999,1.153,Pre-IPO,13
Fin AI,1.65,2011-05-17,Germany,Munich,Health,"New Enterprise Associates, Y Combinator, Tencent Holdings",1999,0.728,Series C,13
Aero Dynamics,2.44,2011-04-18,China,Hangzhou,Edtech,Khosla Ventures,2003,1.134,Series D,3
Cloudio80,1.79,2011-04-13,Sweden,Stockholm,Internet software & services,Thrive Capital,2005,0.867,Series E,11
DataStream33,23.91,2011-03-31,South Korea,Seoul,Internet software & services,"Kleiner Perkins Caufield & Byers, New Enterprise Associates",2002,11.388,Series D,3
CyberShift95,1.24,2011-03-24,United States,Chicago,"Supply chain, logistics, & delivery",Andreessen Horowitz,2002,0.363,Series D,10
NexPulse,5.28,2011-03-15,United States,New York,E-commerce & direct-to-consumer,"New Enterprise Associates, Benchmark, Google Ventures",1999,1.401,Series D,10
FinBlock,2.44,2011-03-08,China,Hangzhou,Health,"Google Ventures, Lightspeed Venture Partners, Tencent Holdings, Coatue Management",2008,1.115,Series D,7
AeroMind,1.2,2011-03-01,India,New Delhi,Cybersecurity,Khosla Ventures,2005,0.281,Series B,11
TechBlock90,2.27,2011-02-21,China,Hangzhou,Artificial intelligence,"Lightspeed Venture Partners, Founders Fund, General Atlantic",2007,0.847,Series D,3
Flow Group29,2.24,2011-01-28,Sweden,Stockholm,Artificial intelligence,"Sequoia Capital, Founders Fund, Bessemer Venture Partners, Lightspeed Venture Partners",2006,0.734,Series D,19
Autoify,1.2,2011-01-22,United States,Seattle,E-commerce & direct-to-consumer,"Khosla Ventures, Benchmark",2008,0.232,Series E,6
Meta Systems25,2.28,2011-01-07,China,Beijing,Other,"General Atlantic, Tiger Global Management",1999,0.743,Series E,17
Blockio47,1.24,2010-12-29,United States,Palo Alto,Data management & analytics,"Lightspeed Venture Partners, DST Global",2007,0.303,Series F,13
HealthShift,15.05,2010-11-30,United States,Los Angeles,Auto & transportation,Tiger Global Management,2001,4.465,Series F,2
Tech Hub70,16.63,2010-11-15,United States,Seattle,Internet software & services,"Index Ventures, Y Combinator, Thrive Capital, Tencent Holdings",1998,6.509,Series F,18
HealthPulse28,1.3,2010-11-08,Canada,Vancouver,Auto & transportation,"Insight Partners, Tiger Global Management, SoftBank Group, Tencent Holdings",2006,0.437,Series D,16
Health Hub30,28.05,2010-09-24,United States,Los Angeles,Fintech,"New Enterprise Associates, Founders Fund, Y Combinator",2002,10.64,Series E,7
BioShift48,6.02,2010-09-16,United States,Seattle,Data management & analytics,"Andreessen Horowitz, Benchmark",2001,2.313,Series C,9
Zenithio,95.75,2010-09-15,United States,Chicago,Data management & analytics,"Thrive Capital, DST Global, Alibaba Group, Google Ventures",2001,12.326,Series C,13
Nexify10,1.88,2010-09-11,United States,Seattle,Artificial intelligence,Founders Fund,2002,0.641,Pre-IPO,8
Data Systems,1.83,2010-08-07,Australia,Melbourne,Internet software & services,"Benchmark, Lightspeed Venture Partners",1998,0.213,Private Equity,5
Core Dynamics34,28.99,2010-08-06,Japan,Tokyo,Fintech,Bessemer Venture Partners,2002,11.665,Series B,10
Blockly14,7.6,2010-07-13,India,Gurugram,Artificial intelligence,"Coatue Management, Bessemer Venture Partners",2007,2.472,Pre-IPO,14
Omniio,1.93,2010-07-09,Brazil,Sao Paulo,"Supply chain, logistics, & delivery","General Atlantic, Greylock Partners, Khosla Ventures, Thrive Capital",2002,0.392,Series D,6
Nova Base35,2.99,2010-07-09,Indonesia,Jakarta,Data management & analytics,"Accel, Coatue Management, Greylock Partners",2006,0.475,Pre-IPO,6
Nex AI,1.72,2010-07-05,Singapore,Singapore,Fintech,Khosla Ventures,1999,0.259,Series D,2
Pay Labs,24.09,2010-06-19,Canada,Vancouver,E-commerce & direct-to-consumer,"Benchmark, Bessemer Venture Partners, Founders Fund",2002,3.18,Series B,15
Smart Technologies72,2.29,2010-05-07,Canada,Montreal,Artificial intelligence,"DST Global, Andreessen Horowitz",2007,0.43,Series C,9
Shift Labs,1.92,2010-05-02,South Korea,Seoul,Hardware,"Greylock Partners, Andreessen Horowitz, Kleiner Perkins Caufield & Byers, Index Ventures",1998,0.749,Series D,14
DataBlock86,21.04,2010-04-29,France,Paris,Fintech,"DST Global, Coatue Management",2007,5.169,Series E,14
Wave Dynamics,1.77,2010-04-25,United States,Austin,Data management & analytics,"Y Combinator, Lightspeed Venture Partners, DST Global, Index Ventures",2006,0.457,Series C,5
Techify35,1.85,2010-04-20,United States,Seattle,Fintech,"Coatue Management, Y Combinator, Sequoia Capital",2006,0.773,Series E,4
Grid Group39,1.18,2010-03-20,United States,New York,Fintech,"Accel, Thrive Capital, Index Ventures, Bessemer Venture Partners",1998,0.388,Pre-IPO,9
Forge Group46,9.02,2010-02-21,Canada,Montreal,Fintech,"Lightspeed Venture Partners, Tencent Holdings",2005,1.446,Series E,16
Shift Labs57,2.77,2010-02-20,United States,Chicago,Hardware,"Y Combinator, Khosla Ventures",2001,0.524,Series D,8
CyberMind,1.54,2010-02-14,United States,Los Angeles,Internet software & services,"Tencent Holdings, General Atlantic, Bessemer Venture Partners",2006,0.31,Series F,15
Nex Base,1.62,2010-01-03,United States,Palo Alto,Artificial intelligence,"Sequoia Capital, Andreessen Horowitz",2004,0.8,Series E,4
FinCore,1.72,2009-12-29,United States,Seattle,Internet software & services,"Kleiner Perkins Caufield & Byers, DST Global, Benchmark",2005,0.724,Series C,18
Tech AI,9.63,2009-12-03,United States,New York,E-commerce & direct-to-consumer,"Tiger Global Management, New Enterprise Associates, Tencent Holdings, Thrive Capital",1999,4.61,Series F,9
Block Hub27,1.15,2009-10-24,China,Hangzhou,Fintech,Insight Partners,2006,0.423,Series D,15
Omniify77,2.87,2009-10-23,United States,Chicago,Health,Andreessen Horowitz,1999,1.009,Series C,10
Bioio54,1.6,2009-10-17,United States,New York,Fintech,"Y Combinator, Coatue Management, Benchmark",1998,0.277,Series E,16
Cloud AI63,1.1,2009-10-05,India,New Delhi,Other,"Lightspeed Venture Partners, Accel, Founders Fund",2000,0.191,Private Equity,12
Vertex Dynamics53,2.51,2009-09-28,India,Mumbai,Internet software & services,"Bessemer Venture Partners, Kleiner Perkins Caufield & Byers",2002,0.75,Pre-IPO,4
Mindify65,8.13,2009-09-18,United States,Seattle,Fintech,DST Global,1997,1.507,Series C,10
Flow Base31,1.65,2009-08-26,China,Guangzhou,Health,"DST Global, Alibaba Group, Insight Partners, Coatue Management",1997,0.433,Series B,10
TechCore64,6.8,2009-08-21,United Kingdom,London,Internet software & services,"Lightspeed Venture Partners, Insight Partners, Y Combinator, Thrive Capital",1999,1.914,Series E,18
TechCore21,1.94,2009-07-23,United States,Austin,Edtech,"DST Global, Thrive Capital",2000,0.839,Pre-IPO,9
Data Technologies94,2.27,2009-07-22,Germany,Berlin,Artificial intelligence,"Y Combinator, Thrive Capital, Coatue Management",1998,0.776,Series D,16
Aeroio,7.59,2009-06-24,India,Mumbai,E-commerce & direct-to-consumer,"Benchmark, Y Combinator, Thrive Capital, Coatue Management",1997,1.74,Series E,14
Linkio75,1.73,2009-06-13,United States,Austin,Artificial intelligence,"Bessemer Venture Partners, Accel, Alibaba Group, Coatue Management",2004,0.579,Series D,14
BioStream29,2.76,2009-05-25,China,Shenzhen,Auto & transportation,"Benchmark, Founders Fund, Lightspeed Venture Partners, Thrive Capital",2000,0.404,Pre-IPO,18
Data Networks47,1.08,2009-05-23,United States,Chicago,Consumer & retail,"Coatue Management, New Enterprise Associates",2005,0.35,Private Equity,8
Vertex Group,2.29,2009-05-23,United States,San Francisco,Health,"Sequoia Capital, Accel, General Atlantic",2002,1.073,Series C,14
Link AI67,2.14,2009-05-22,Indonesia,Jakarta,Data management & analytics,Kleiner Perkins Caufield & Byers,2005,0.651,Pre-IPO,14
Payify47,2.35,2009-05-19,Singapore,Singapore,Other,"Bessemer Venture Partners, Benchmark, Thrive Capital",2004,0.474,Series E,8
Meta Solutions,1.25,2009-03-26,India,Pune,Artificial intelligence,"Tiger Global Management, New Enterprise Associates",2003,0.418,Pre-IPO,9
TechWave24,4.44,2009-03-20,China,Hangzhou,E-commerce & direct-to-consumer,"Benchmark, Google Ventures, Bessemer Venture Partners",2004,2.079,Pre-IPO,18
Smart Technologies,1.63,2009-03-15,Brazil,Sao Paulo,Auto & transportation,Benchmark,1997,0.814,Series F,4
Healthly,2.68,2009-02-24,India,Gurugram,Data management & analytics,"Accel, DST Global, Benchmark, Thrive Capital",2000,1.108,Series D,14
Omni Hub27,2.51,2009-02-19,United States,Seattle,Artificial intelligence,"Tencent Holdings, Khosla Ventures, Tiger Global Management, Accel",1999,0.631,Series B,9
PayCore9,2.31,2009-02-15,United States,Los Angeles,Fintech,"DST Global, General Atlantic",2004,0.389,Series F,2
Techly31,1.61,2009-01-09,United States,Boston,Health,"Khosla Ventures, Thrive Capital, Tiger Global Management, Benchmark",2000,0.338,Series C,18
TechBlock83,2.07,2009-01-06,Brazil,Curitiba,Auto & transportation,Benchmark,2002,0.743,Series D,6
AutoForge,1.32,2008-11-29,Germany,Berlin,Artificial intelligence,"Founders Fund, Insight Partners, General Atlantic",1999,0.195,Series D,12
Flow Technologies14,1.04,2008-11-07,Canada,Montreal,Other,Greylock Partners,1998,0.262,Series D,9
Vertex Dynamics58,2.13,2008-10-21,China,Shanghai,Internet software & services,Accel,1996,0.841,Pre-IPO,14
SmartStream46,15.89,2008-09-23,Brazil,Sao Paulo,Fintech,"Lightspeed Venture Partners, SoftBank Group, Tiger Global Management",2000,1.832,Series D,9
CyberZenith,1.12,2008-08-28,Sweden,Stockholm,Health,Thrive Capital,2000,0.474,Series C,14
AutoFlow16,2.06,2008-07-23,Germany,Berlin,Artificial intelligence,"Insight Partners, Lightspeed Venture Partners, Khosla Ventures",1996,0.572,Series D,13
Grid Systems98,5.3,2008-07-13,United States,Chicago,Fintech,"Y Combinator, Andreessen Horowitz",1999,1.87,Series F,8
FinWave25,1.4,2008-05-22,United States,Seattle,"Supply chain, logistics, & delivery","Khosla Ventures, Benchmark, General Atlantic",2004,0.414,Series D,14
CloudFlow,1.84,2008-05-15,Germany,Munich,Fintech,Index Ventures,2001,0.574,Series F,3
Cyber Group63,2.4,2008-04-08,United States,Chicago,Cybersecurity,"Google Ventures, Insight Partners",2003,0.755,Series E,11
Cloud Labs,2.5,2008-04-04,Sweden,Stockholm,E-commerce & direct-to-consumer,"Khosla Ventures, New Enterprise Associates, DST Global, Thrive Capital",2002,1.012,Series C,6
HealthLink,2.51,2008-04-03,Brazil,Curitiba,Artificial intelligence,SoftBank Group,2000,0.698,Series D,8
PayGrid36,2.97,2008-02-10,United States,Seattle,Other,"Lightspeed Venture Partners, Y Combinator, Tencent Holdings, Andreessen Horowitz",1997,1.247,Series F,19
Bioify76,2.69,2008-01-07,United States,Austin,Internet software & services,"Alibaba Group, Thrive Capital, Tencent Holdings",1997,0.983,Series D,10
Mindly,9.17,2008-01-02,United States,San Francisco,Health,Y Combinator,2005,1.851,Series E,6
DataBlock55,4.0,2007-12-30,United States,Chicago,Internet software & services,"Founders Fund, Greylock Partners, Coatue Management",1999,1.153,Series F,12
Nex Technologies,2.15,2007-12-11,Germany,Berlin,Fintech,"Sequoia Capital, Benchmark",1999,0.575,Series D,15
HealthShift86,1.2,2007-10-03,United States,New York,Internet software & services,"Founders Fund, DST Global",1997,0.278,Series C,11
Link Networks,8.7,2007-05-23,United States,San Francisco,E-commerce & direct-to-consumer,"Lightspeed Venture Partners, Tencent Holdings, Founders Fund",1998,3.156,Series E,5
Cloud Base,1.61,2007-05-10,United States,Palo Alto,Fintech,New Enterprise Associates,1998,0.551,Series D,8
Fin Dynamics69,6.71,2007-03-05,United States,New York,E-commerce & direct-to-consumer,Insight Partners,2003,1.156,Private Equity,6
Health Networks65,2.69,2007-01-21,United States,Boston,Internet software & services,"Alibaba Group, DST Global",2004,1.033,Series E,2
Pay Group34,2.55,2006-11-23,United States,New York,Consumer & retail,"Bessemer Venture Partners, Lightspeed Venture Partners, Khosla Ventures, Index Ventures",2003,0.656,Series D,14
Health AI76,6.6,2006-11-14,Brazil,Curitiba,Auto & transportation,"Khosla Ventures, Benchmark, Coatue Management",2001,2.898,Series C,6
AutoPulse42,1.45,2006-10-02,China,Shanghai,Internet software & services,"Greylock Partners, Y Combinator, New Enterprise Associates, Insight Partners",1997,0.345,Pre-IPO,12
BioMind,9.04,2006-09-08,United States,San Francisco,Data management & analytics,"SoftBank Group, Alibaba Group",2000,2.915,Series D,7
Zenith AI,5.72,2006-08-26,Israel,Jerusalem,Internet software & services,"Index Ventures, Tiger Global Management, Lightspeed Venture Partners",1999,1.053,Pre-IPO,8
Smart Hub30,5.89,2006-02-18,Germany,Munich,Internet software & services,Khosla Ventures,1999,1.174,Series D,3
Nexio4,1.99,2005-11-19,United States,New York,Health,"Tiger Global Management, SoftBank Group, Google Ventures",2007,0.84,Series B,15
Link Labs,2.1,2005-09-13,United States,San Francisco,Fintech,General Atlantic,1996,0.325,Series C,7
OmniVertex69,2.37,2004-12-22,United States,Austin,E-commerce & direct-to-consumer,"General Atlantic, Tencent Holdings, Kleiner Perkins Caufield & Byers, Greylock Partners",2001,0.511,Series C,18
FinLink1,1.08,2004-10-20,India,New Delhi,Internet software & services,"Google Ventures, Sequoia Capital",1995,0.129,Series D,4
Zenith Technologies68,1.06,2004-06-18,United States,Boston,Fintech,"Greylock Partners, Accel, Alibaba Group",1998,0.137,Series B,14
Shift Solutions64,2.16,2004-03-28,India,New Delhi,Artificial intelligence,"Insight Partners, Tiger Global Management, Google Ventures",2000,1.05,Series D,17
Nova Networks97,16.24,2004-02-29,India,New Delhi,Consumer & retail,Thrive Capital,1996,3.372,Pre-IPO,2
Nex Networks60,4.02,2003-06-13,United States,Seattle,Cybersecurity,Benchmark,1996,1.067,Series D,4
AutoGrid,1.09,2001-02-16,United States,Austin,Fintech,"Thrive Capital, General Atlantic, New Enterprise Associates, Bessemer Venture Partners",2008,0.326,Private Equity,5
